{
  "@/css/noscript.css": {
    "hashes": {
      "sha256": "zPKYnTUs+URjeA09KCuIcNmrBOdMMxvmsg6TWBl1ck0=",
      "sha512": "9kom4HDi1LlXupJ34+Q4kdHcknMx0WeSSUKlkBhd1f3GMSF6d2ERUVpA7sWV/m85SyBWjERJTSXR8XnxblaCEA=="
    },
    "integrity": "sha256-zPKYnTUs+URjeA09KCuIcNmrBOdMMxvmsg6TWBl1ck0= sha512-9kom4HDi1LlXupJ34+Q4kdHcknMx0WeSSUKlkBhd1f3GMSF6d2ERUVpA7sWV/m85SyBWjERJTSXR8XnxblaCEA==",
    "path": "/css/noscript.css"
  },
  "@/css/noscript.min.css": {
    "hashes": {
      "sha256": "g6dTkiAfCsPexPAAlQ1jP32x58BOoWRYYWuDqvSHyWE=",
      "sha512": "9cIz/BQQLMPIR3lB43Lwn5TzdRTH2FhNYMXxmSGO7Mf8ikgx/cZnfjCXTKOprTi0sbZ6RvWM8m+e8CG1qQZfPw=="
    },
    "integrity": "sha256-g6dTkiAfCsPexPAAlQ1jP32x58BOoWRYYWuDqvSHyWE= sha512-9cIz/BQQLMPIR3lB43Lwn5TzdRTH2FhNYMXxmSGO7Mf8ikgx/cZnfjCXTKOprTi0sbZ6RvWM8m+e8CG1qQZfPw==",
    "path": "/css/noscript.min.css"
  },
  "@/css/polyfills/datalist.css": {
    "hashes": {
      "sha256": "l0F6DV3mC55kb+L9mgF2W1DZDH5vDbVNqN6kDwTC8Cs=",
      "sha512": "P9ViloyEdj9J5L2quINsgJhfMOKfYHUygUTPMmWZAvC/dPxitgyxHsVGiKKBqXiYfAoZ+sMRP5OrYLYJH9FMZg=="
    },
    "integrity": "sha256-l0F6DV3mC55kb+L9mgF2W1DZDH5vDbVNqN6kDwTC8Cs= sha512-P9ViloyEdj9J5L2quINsgJhfMOKfYHUygUTPMmWZAvC/dPxitgyxHsVGiKKBqXiYfAoZ+sMRP5OrYLYJH9FMZg==",
    "path": "/css/polyfills/datalist.css"
  },
  "@/css/polyfills/datalist.min.css": {
    "hashes": {
      "sha256": "bjgjYwiFnMFLdbhcNGaAnQssVSUfRnHq/vF4fbJMHdU=",
      "sha512": "3IEB71gyYqicqAd1guQX61XKnY15jESQ7cg0lACaX0zN+oYqO6AjXwwfFUW1jPKQD2yoVjXxRMSf0q+5x8st+w=="
    },
    "integrity": "sha256-bjgjYwiFnMFLdbhcNGaAnQssVSUfRnHq/vF4fbJMHdU= sha512-3IEB71gyYqicqAd1guQX61XKnY15jESQ7cg0lACaX0zN+oYqO6AjXwwfFUW1jPKQD2yoVjXxRMSf0q+5x8st+w==",
    "path": "/css/polyfills/datalist.min.css"
  },
  "@/css/polyfills/datepicker.css": {
    "hashes": {
      "sha256": "9/F0b34z9d5HR4TfEdIrirX2q874E+WPcU82IH7x5oQ=",
      "sha512": "/0qAur+DQeNmjFktUvkFlmIeG2dGrJi5dGosOVPRRKMl2cV/bfBHw3mXu0Bk2H1Fta/ouJSZ1v1p14EanZwYUw=="
    },
    "integrity": "sha256-9/F0b34z9d5HR4TfEdIrirX2q874E+WPcU82IH7x5oQ= sha512-/0qAur+DQeNmjFktUvkFlmIeG2dGrJi5dGosOVPRRKMl2cV/bfBHw3mXu0Bk2H1Fta/ouJSZ1v1p14EanZwYUw==",
    "path": "/css/polyfills/datepicker.css"
  },
  "@/css/polyfills/datepicker.min.css": {
    "hashes": {
      "sha256": "4GGuvDJgTATuLdAjJGEyAl0yBzgQRFpqrYRdpqqGo9g=",
      "sha512": "MK2cNP2OXw0LsAFGIeFwBfvTk8Yf+DDuA3+CsGDOmlUBOu+QfiW1lmEZ3UCcweH3AdCsiOzv5vL7++bj4fTPqA=="
    },
    "integrity": "sha256-4GGuvDJgTATuLdAjJGEyAl0yBzgQRFpqrYRdpqqGo9g= sha512-MK2cNP2OXw0LsAFGIeFwBfvTk8Yf+DDuA3+CsGDOmlUBOu+QfiW1lmEZ3UCcweH3AdCsiOzv5vL7++bj4fTPqA==",
    "path": "/css/polyfills/datepicker.min.css"
  },
  "@/css/polyfills/details.css": {
    "hashes": {
      "sha256": "FsGyD7tMYlyqMKThCrkxohst8REAmuFo5jUEqZVUej4=",
      "sha512": "ITquFuKCQz9Y7KlcQRDezM0v8Ii6EwEprpSJ3TKL5vPeGozcf4RtElHEaUTEa1cqMhPXo3KfFi0W9fL5w8ESmQ=="
    },
    "integrity": "sha256-FsGyD7tMYlyqMKThCrkxohst8REAmuFo5jUEqZVUej4= sha512-ITquFuKCQz9Y7KlcQRDezM0v8Ii6EwEprpSJ3TKL5vPeGozcf4RtElHEaUTEa1cqMhPXo3KfFi0W9fL5w8ESmQ==",
    "path": "/css/polyfills/details.css"
  },
  "@/css/polyfills/details.min.css": {
    "hashes": {
      "sha256": "88wn8wVsMeX/gi5+Os6bY3U9vTTuk1VqQgNLjOMEMUA=",
      "sha512": "mGpWmCEqBo2uXeCiDjqduE0t23SsuGAIRz45YIQTk5ohiGOnKJWhlAVKtrElz6CS7jL0RMQkSgtxhWUHWMFGAg=="
    },
    "integrity": "sha256-88wn8wVsMeX/gi5+Os6bY3U9vTTuk1VqQgNLjOMEMUA= sha512-mGpWmCEqBo2uXeCiDjqduE0t23SsuGAIRz45YIQTk5ohiGOnKJWhlAVKtrElz6CS7jL0RMQkSgtxhWUHWMFGAg==",
    "path": "/css/polyfills/details.min.css"
  },
  "@/css/polyfills/meter.css": {
    "hashes": {
      "sha256": "/9jeIuthfr1Ay+CBrooA8LyGnFlTLhQawlVxG3AHj0s=",
      "sha512": "ClwH5wPo+rZkLH/RTOfI4xlUaGLvN2i8H6tuA07WNq4I7dhVRbBHtiPLwuK8i30cPjbcW+c6m2OtTI1X5K63XQ=="
    },
    "integrity": "sha256-/9jeIuthfr1Ay+CBrooA8LyGnFlTLhQawlVxG3AHj0s= sha512-ClwH5wPo+rZkLH/RTOfI4xlUaGLvN2i8H6tuA07WNq4I7dhVRbBHtiPLwuK8i30cPjbcW+c6m2OtTI1X5K63XQ==",
    "path": "/css/polyfills/meter.css"
  },
  "@/css/polyfills/meter.min.css": {
    "hashes": {
      "sha256": "gWPk5muoLT4zwa67DkFcK6AQHlPRQhtLVibP8R0Djz0=",
      "sha512": "s7UcQriuVbF3jk6BRH9k5SjX1BHbmCuW5hKDwX3E7Igif8xVp5fa5UftJcRXls/R6B12NW1bIdAknNWySexmLQ=="
    },
    "integrity": "sha256-gWPk5muoLT4zwa67DkFcK6AQHlPRQhtLVibP8R0Djz0= sha512-s7UcQriuVbF3jk6BRH9k5SjX1BHbmCuW5hKDwX3E7Igif8xVp5fa5UftJcRXls/R6B12NW1bIdAknNWySexmLQ==",
    "path": "/css/polyfills/meter.min.css"
  },
  "@/css/polyfills/progress.css": {
    "hashes": {
      "sha256": "mdo+Rvmr+1YpJnpkMB9PhnDPM/qyGmnRsauC/uvW3YM=",
      "sha512": "kBYd56h66ZeiyBlz9YVtIeYZlKHO6J4rbiH1TBFYq9G16iyOSKIEAwpQOv4iHhRr20Ll6X2swZxfvnuo/DBcXg=="
    },
    "integrity": "sha256-mdo+Rvmr+1YpJnpkMB9PhnDPM/qyGmnRsauC/uvW3YM= sha512-kBYd56h66ZeiyBlz9YVtIeYZlKHO6J4rbiH1TBFYq9G16iyOSKIEAwpQOv4iHhRr20Ll6X2swZxfvnuo/DBcXg==",
    "path": "/css/polyfills/progress.css"
  },
  "@/css/polyfills/progress.min.css": {
    "hashes": {
      "sha256": "X6WQ9ILLgEvL1J8/J+FvlQX3NwmDM0gJOJeU53RtOEw=",
      "sha512": "mUvioGcSQGkU84vOz3ANuacd+yBVw5SpH47EmCMBd66NRmoNWGq/kfgfixOPgXvA9l5IpVK7G6Gpbk1VwHbj/A=="
    },
    "integrity": "sha256-X6WQ9ILLgEvL1J8/J+FvlQX3NwmDM0gJOJeU53RtOEw= sha512-mUvioGcSQGkU84vOz3ANuacd+yBVw5SpH47EmCMBd66NRmoNWGq/kfgfixOPgXvA9l5IpVK7G6Gpbk1VwHbj/A==",
    "path": "/css/polyfills/progress.min.css"
  },
  "@/css/polyfills/slider.css": {
    "hashes": {
      "sha256": "Q9kouBl5IbUjyN6ckHjoo0c1+a+0jivrgZ2XW1EE0KE=",
      "sha512": "HDQqx/cwRBOpAX0PUeIHYNmLSyXaN9/MyagVtB+YKRx0dFUkGW+2PMH/TkS03nqisi2TJ/kCrQ10s3qw8QDsiA=="
    },
    "integrity": "sha256-Q9kouBl5IbUjyN6ckHjoo0c1+a+0jivrgZ2XW1EE0KE= sha512-HDQqx/cwRBOpAX0PUeIHYNmLSyXaN9/MyagVtB+YKRx0dFUkGW+2PMH/TkS03nqisi2TJ/kCrQ10s3qw8QDsiA==",
    "path": "/css/polyfills/slider.css"
  },
  "@/css/polyfills/slider.min.css": {
    "hashes": {
      "sha256": "7f140RgKIatR8MYMSwRTgM+JHOGrbRwyerypinpHAQM=",
      "sha512": "b4Vl+xIGdSBzDF2u7hBca3V5pe6nTJD03vZhkCgR5X1EMPAIEsW7Fg1qUbgSGtd/nqqzmg/GItuC+S7Lh4lNgQ=="
    },
    "integrity": "sha256-7f140RgKIatR8MYMSwRTgM+JHOGrbRwyerypinpHAQM= sha512-b4Vl+xIGdSBzDF2u7hBca3V5pe6nTJD03vZhkCgR5X1EMPAIEsW7Fg1qUbgSGtd/nqqzmg/GItuC+S7Lh4lNgQ==",
    "path": "/css/polyfills/slider.min.css"
  },
  "@/js/deps/OpenLayers.js": {
    "hashes": {
      "sha256": "VObsuRn4FiQ7Bg8s2NJYnpu9JMPukdVULQFf7MywY9E=",
      "sha512": "avQMteUx2xzaH5RZSTqbtPlNOc3m4OMknf8C97uXFwPlUmcaGA52p0rfvNYw0FWQ5sQ7C8VfIqQvQYzQXbQfsQ=="
    },
    "integrity": "sha256-VObsuRn4FiQ7Bg8s2NJYnpu9JMPukdVULQFf7MywY9E= sha512-avQMteUx2xzaH5RZSTqbtPlNOc3m4OMknf8C97uXFwPlUmcaGA52p0rfvNYw0FWQ5sQ7C8VfIqQvQYzQXbQfsQ==",
    "path": "/js/deps/OpenLayers.js"
  },
  "@/js/deps/OpenLayers.min.js": {
    "hashes": {
      "sha256": "ae8Oo7g3azKB7trTsuCRvAC1pZyIT5rsCOqqZ86S450=",
      "sha512": "KedJ8RelzrTVDI2AUOZVRlDFm0b2SjRB6fhJkPCQZBPbRzCJ6WFylPd0blT+UxtQ/3W3HuH6t3TWpnlJK7tg+A=="
    },
    "integrity": "sha256-ae8Oo7g3azKB7trTsuCRvAC1pZyIT5rsCOqqZ86S450= sha512-KedJ8RelzrTVDI2AUOZVRlDFm0b2SjRB6fhJkPCQZBPbRzCJ6WFylPd0blT+UxtQ/3W3HuH6t3TWpnlJK7tg+A==",
    "path": "/js/deps/OpenLayers.min.js"
  },
  "@/js/deps/additional-methods.js": {
    "hashes": {
      "sha256": "C9vBDQCos1T7crC5eimhidQH9PTIHI+WrKK0RsAILT0=",
      "sha512": "pCtNXS6bsqGMebrxCi+cGhDWKZvPCtfyNuUlCq/RfpmMc4d4CyEokARhHALrpz1KOgIEy5ER8VzgdcM9rm4oIQ=="
    },
    "integrity": "sha256-C9vBDQCos1T7crC5eimhidQH9PTIHI+WrKK0RsAILT0= sha512-pCtNXS6bsqGMebrxCi+cGhDWKZvPCtfyNuUlCq/RfpmMc4d4CyEokARhHALrpz1KOgIEy5ER8VzgdcM9rm4oIQ==",
    "path": "/js/deps/additional-methods.js"
  },
  "@/js/deps/additional-methods.min.js": {
    "hashes": {
      "sha256": "Vx2LJDQr/hsk8TjGxKqFjx32175gFEN3F444+IMoer4=",
      "sha512": "x9OAOZkAe+eZPe4ofUTmZJiuYxDWkT+g7/t1U1ZMzuyC65Ih9IOJuCsT4cyNAkDelw9V+nPeE/saIicD7J2U/g=="
    },
    "integrity": "sha256-Vx2LJDQr/hsk8TjGxKqFjx32175gFEN3F444+IMoer4= sha512-x9OAOZkAe+eZPe4ofUTmZJiuYxDWkT+g7/t1U1ZMzuyC65Ih9IOJuCsT4cyNAkDelw9V+nPeE/saIicD7J2U/g==",
    "path": "/js/deps/additional-methods.min.js"
  },
  "@/js/deps/geomap-lib.js": {
    "hashes": {
      "sha256": "I99JvVLhmu0an/Wr0qSYHmIn2FW9Gl95L/GcV3bt38k=",
      "sha512": "2fXy5IUt1Bqj7pThgfq25C/3Xsk3hH3IAxIj09xQP0DedpLdDujQEgVW0+0OuzJFDadSTjUaljaib05MnOUfyg=="
    },
    "integrity": "sha256-I99JvVLhmu0an/Wr0qSYHmIn2FW9Gl95L/GcV3bt38k= sha512-2fXy5IUt1Bqj7pThgfq25C/3Xsk3hH3IAxIj09xQP0DedpLdDujQEgVW0+0OuzJFDadSTjUaljaib05MnOUfyg==",
    "path": "/js/deps/geomap-lib.js"
  },
  "@/js/deps/geomap-lib.min.js": {
    "hashes": {
      "sha256": "WZX+794Bl0CR6t0XFkFJmeZKZ9qpdDVYYExq+tEinrE=",
      "sha512": "0vMQTjZOgh25mbRPlTvNXsB0m/cdd101hwcSs8sl8/U+o5fx+qCfOP5e/t+MWn26+Wm/xw+p5mleoi/8s/8tjg=="
    },
    "integrity": "sha256-WZX+794Bl0CR6t0XFkFJmeZKZ9qpdDVYYExq+tEinrE= sha512-0vMQTjZOgh25mbRPlTvNXsB0m/cdd101hwcSs8sl8/U+o5fx+qCfOP5e/t+MWn26+Wm/xw+p5mleoi/8s/8tjg==",
    "path": "/js/deps/geomap-lib.min.js"
  },
  "@/js/deps/jquery.dataTables.js": {
    "hashes": {
      "sha256": "6HmfLwiAZ0Vy5i8x8opRhKpOA1CrKohCwVkkuyqwZHI=",
      "sha512": "90yRXLNL5VhDXHXLW2qxxQIDNqCOA620AKyMc/ueSv6Xhl5P3X6dU2LIX3IwwihvA9zDuy8ZTEpYxjxobZZ2SQ=="
    },
    "integrity": "sha256-6HmfLwiAZ0Vy5i8x8opRhKpOA1CrKohCwVkkuyqwZHI= sha512-90yRXLNL5VhDXHXLW2qxxQIDNqCOA620AKyMc/ueSv6Xhl5P3X6dU2LIX3IwwihvA9zDuy8ZTEpYxjxobZZ2SQ==",
    "path": "/js/deps/jquery.dataTables.js"
  },
  "@/js/deps/jquery.dataTables.min.js": {
    "hashes": {
      "sha256": "Jqyrd9krN1stef+lpT+xpbklbeFqGuaLtA9BlTR0qsc=",
      "sha512": "Jcy/Vc9eSNvkZw7tu+gdeh4M456cN8IIN7aDvPnsaxncKmOKRbWL4E/wghHK8zJJaZ2ciIiyD8FmMyCMzI6qLg=="
    },
    "integrity": "sha256-Jqyrd9krN1stef+lpT+xpbklbeFqGuaLtA9BlTR0qsc= sha512-Jcy/Vc9eSNvkZw7tu+gdeh4M456cN8IIN7aDvPnsaxncKmOKRbWL4E/wghHK8zJJaZ2ciIiyD8FmMyCMzI6qLg==",
    "path": "/js/deps/jquery.dataTables.min.js"
  },
  "@/js/deps/jquery.flot.canvas.js": {
    "hashes": {
      "sha256": "mTHUpH3yGB4kOQC51JVul/r4yVT3376j/9xYDliYsKE=",
      "sha512": "VcbxgAnq/R3U5FCfOFs9TIbHPNzlQ7bjKEGys2768wGZNWwx9ZyIBQ9vHMbHhz/HwH27Qx2lfNOBSHEL+4lzEA=="
    },
    "integrity": "sha256-mTHUpH3yGB4kOQC51JVul/r4yVT3376j/9xYDliYsKE= sha512-VcbxgAnq/R3U5FCfOFs9TIbHPNzlQ7bjKEGys2768wGZNWwx9ZyIBQ9vHMbHhz/HwH27Qx2lfNOBSHEL+4lzEA==",
    "path": "/js/deps/jquery.flot.canvas.js"
  },
  "@/js/deps/jquery.flot.canvas.min.js": {
    "hashes": {
      "sha256": "LXTkOgNB+H224DM151PoEQqIXNfgiHAwBI//yHasxIc=",
      "sha512": "sUeFIJxNGZoaY4D++l8m2wB9EhqBosfE7xbG5cq0LjgRmshLpZNOsvZI6OEuLUBm2Lsc8N1zGAQ8Pm0O2Cdf1w=="
    },
    "integrity": "sha256-LXTkOgNB+H224DM151PoEQqIXNfgiHAwBI//yHasxIc= sha512-sUeFIJxNGZoaY4D++l8m2wB9EhqBosfE7xbG5cq0LjgRmshLpZNOsvZI6OEuLUBm2Lsc8N1zGAQ8Pm0O2Cdf1w==",
    "path": "/js/deps/jquery.flot.canvas.min.js"
  },
  "@/js/deps/jquery.flot.js": {
    "hashes": {
      "sha256": "t7kx8nPDixJ3ucbB9OBcTsCYhaSHvdrzJ54tfkmjjhI=",
      "sha512": "1bVFcysZL1+sq86GjuK3hopY6NUKgO8hbXkMn8Bh7OEKYuUKAsu+77qYVCCEkm5XkeKh4yodJtVNRQzbDjoA1Q=="
    },
    "integrity": "sha256-t7kx8nPDixJ3ucbB9OBcTsCYhaSHvdrzJ54tfkmjjhI= sha512-1bVFcysZL1+sq86GjuK3hopY6NUKgO8hbXkMn8Bh7OEKYuUKAsu+77qYVCCEkm5XkeKh4yodJtVNRQzbDjoA1Q==",
    "path": "/js/deps/jquery.flot.js"
  },
  "@/js/deps/jquery.flot.min.js": {
    "hashes": {
      "sha256": "8TYJzUUShqelp4xt2M+5kip9kA6kHDXGhmv52hbbBWg=",
      "sha512": "fDTfcHcd7SnTe/i/NRwXW8ToG6ZHOqsO0kL0FnNhEuYwhRt5p/5QaC2b6at8q2DBKweoCzrP7uanp8Q4Odc7ug=="
    },
    "integrity": "sha256-8TYJzUUShqelp4xt2M+5kip9kA6kHDXGhmv52hbbBWg= sha512-fDTfcHcd7SnTe/i/NRwXW8ToG6ZHOqsO0kL0FnNhEuYwhRt5p/5QaC2b6at8q2DBKweoCzrP7uanp8Q4Odc7ug==",
    "path": "/js/deps/jquery.flot.min.js"
  },
  "@/js/deps/jquery.flot.orderBars.js": {
    "hashes": {
      "sha256": "nVTzClItiOo0w9+7Hv1miZVYWJuStu1JmhEG6/uxFXk=",
      "sha512": "LENlY0WNHYPxuUB1eYcIEL64n5NWNjDxdgahXqS6BUMAze/NEYAvdYzww9NR1Nckw/7Skk2g28LSHehNMAySqA=="
    },
    "integrity": "sha256-nVTzClItiOo0w9+7Hv1miZVYWJuStu1JmhEG6/uxFXk= sha512-LENlY0WNHYPxuUB1eYcIEL64n5NWNjDxdgahXqS6BUMAze/NEYAvdYzww9NR1Nckw/7Skk2g28LSHehNMAySqA==",
    "path": "/js/deps/jquery.flot.orderBars.js"
  },
  "@/js/deps/jquery.flot.orderBars.min.js": {
    "hashes": {
      "sha256": "BcU8t5tmQQ3wNKYtVxydPB3sehhBYZdyAgPzI9hTiFY=",
      "sha512": "HBUtMndqjY5jPl1rw3WySR+U/qPDpLIh58VTlZ3qHXWH2cxjSm7bPXdEXR3hNkSv4j6A7dnnnDG70YNOOtKOcw=="
    },
    "integrity": "sha256-BcU8t5tmQQ3wNKYtVxydPB3sehhBYZdyAgPzI9hTiFY= sha512-HBUtMndqjY5jPl1rw3WySR+U/qPDpLIh58VTlZ3qHXWH2cxjSm7bPXdEXR3hNkSv4j6A7dnnnDG70YNOOtKOcw==",
    "path": "/js/deps/jquery.flot.orderBars.min.js"
  },
  "@/js/deps/jquery.flot.pie.js": {
    "hashes": {
      "sha256": "RsEWYd9gdLG1bCIcU8j59Rkvf/1O7HtzoD1TRUs22cU=",
      "sha512": "V3iOMkZtV7KXIFPCdu/HcZOXSGPk3olaSEXOTlhSoFxmFbzHh8n0cG+fgQPWHSwSevWkoQR9hM3XPeJyJrGJ5g=="
    },
    "integrity": "sha256-RsEWYd9gdLG1bCIcU8j59Rkvf/1O7HtzoD1TRUs22cU= sha512-V3iOMkZtV7KXIFPCdu/HcZOXSGPk3olaSEXOTlhSoFxmFbzHh8n0cG+fgQPWHSwSevWkoQR9hM3XPeJyJrGJ5g==",
    "path": "/js/deps/jquery.flot.pie.js"
  },
  "@/js/deps/jquery.flot.pie.min.js": {
    "hashes": {
      "sha256": "WGy/3PaRN7GInMcyhbEtD8Lel1r2I87a0hhxcWefHbI=",
      "sha512": "/qazYgemxVVbRIQ/GDFZF+ym85lbaybQqwGtenvNcJCF3kzvEFH68lE0S3fMRyIjGzOIz1JHRmcmU9o6qvjUZQ=="
    },
    "integrity": "sha256-WGy/3PaRN7GInMcyhbEtD8Lel1r2I87a0hhxcWefHbI= sha512-/qazYgemxVVbRIQ/GDFZF+ym85lbaybQqwGtenvNcJCF3kzvEFH68lE0S3fMRyIjGzOIz1JHRmcmU9o6qvjUZQ==",
    "path": "/js/deps/jquery.flot.pie.min.js"
  },
  "@/js/deps/jquery.magnific-popup.js": {
    "hashes": {
      "sha256": "DIyCtPYsVZHVpPz27+wPEx5fsS/KY3JYU/ZjT4ovVbc=",
      "sha512": "SczEBPsEhipDOUK85nxEqAzy+Allqe44uV0y2evMy7+CNz86ZpHPoCvgEDOveBHBnrQ5kNedGSqoDIBu2TZjHQ=="
    },
    "integrity": "sha256-DIyCtPYsVZHVpPz27+wPEx5fsS/KY3JYU/ZjT4ovVbc= sha512-SczEBPsEhipDOUK85nxEqAzy+Allqe44uV0y2evMy7+CNz86ZpHPoCvgEDOveBHBnrQ5kNedGSqoDIBu2TZjHQ==",
    "path": "/js/deps/jquery.magnific-popup.js"
  },
  "@/js/deps/jquery.magnific-popup.min.js": {
    "hashes": {
      "sha256": "Y+mP21Fhr+1sioArelmezHtaqf1B8rGjzqwf9V6j4gQ=",
      "sha512": "9hoh51bCzgSUXa+5+QMZbLYxboORlvYmLgrBImCC3vDoT0Ti++DImsDT73zgZqKMXCtRCx9X+4CwUR5xDc0psQ=="
    },
    "integrity": "sha256-Y+mP21Fhr+1sioArelmezHtaqf1B8rGjzqwf9V6j4gQ= sha512-9hoh51bCzgSUXa+5+QMZbLYxboORlvYmLgrBImCC3vDoT0Ti++DImsDT73zgZqKMXCtRCx9X+4CwUR5xDc0psQ==",
    "path": "/js/deps/jquery.magnific-popup.min.js"
  },
  "@/js/deps/jquery.pjax.js": {
    "hashes": {
      "sha256": "6H4A9alnhm1bOo4JQ4SAgMiKvrZXTkvJhXp1lKE0z+0=",
      "sha512": "dbMVK9auBcnyh3CMJqLx1AVmPZl08sw/q1HCzsmu+ck29FkE+M9/TWF45+Raaxhvf7hGDRfr6dqCIFOBv8hUrw=="
    },
    "integrity": "sha256-6H4A9alnhm1bOo4JQ4SAgMiKvrZXTkvJhXp1lKE0z+0= sha512-dbMVK9auBcnyh3CMJqLx1AVmPZl08sw/q1HCzsmu+ck29FkE+M9/TWF45+Raaxhvf7hGDRfr6dqCIFOBv8hUrw==",
    "path": "/js/deps/jquery.pjax.js"
  },
  "@/js/deps/jquery.pjax.min.js": {
    "hashes": {
      "sha256": "haaI8y3Cfmm+xHoJRi4YUlx/aV6VUMVQHZvAS9xkAEM=",
      "sha512": "qX+vC+WYXs9vmx0FlaExLN71uyuNCaHcW+PVv5H+BttfX7SoMwc+cWkY0FpbJ06AaJ09Av3fqWBU6tj3BcAHHg=="
    },
    "integrity": "sha256-haaI8y3Cfmm+xHoJRi4YUlx/aV6VUMVQHZvAS9xkAEM= sha512-qX+vC+WYXs9vmx0FlaExLN71uyuNCaHcW+PVv5H+BttfX7SoMwc+cWkY0FpbJ06AaJ09Av3fqWBU6tj3BcAHHg==",
    "path": "/js/deps/jquery.pjax.min.js"
  },
  "@/js/deps/jquery.validate.js": {
    "hashes": {
      "sha256": "m6nxa2SVh2Jd211rJfpIY+cDJU1tXk2rQTfNvh9uxkI=",
      "sha512": "ysf4uT3TyHbkzmqdFx8eCkhKcGEINTNKnErOQXVbLdqgMVe+dV1mMw7whbk2HQpR9w2c4RGdQdK0RWLGq4wVSA=="
    },
    "integrity": "sha256-m6nxa2SVh2Jd211rJfpIY+cDJU1tXk2rQTfNvh9uxkI= sha512-ysf4uT3TyHbkzmqdFx8eCkhKcGEINTNKnErOQXVbLdqgMVe+dV1mMw7whbk2HQpR9w2c4RGdQdK0RWLGq4wVSA==",
    "path": "/js/deps/jquery.validate.js"
  },
  "@/js/deps/jquery.validate.min.js": {
    "hashes": {
      "sha256": "MIfcmFWua6iwQX6xqNEhajbSH9vB82tGLi7TZSsFQX0=",
      "sha512": "nbjJGvc5+ASmW7xLaCobi7kfjd4wG2WBu9G/fcKAJmKmrnjoqSMZ2IxYLw0X66R+He7TsZClznTL3QVo2mVxNQ=="
    },
    "integrity": "sha256-MIfcmFWua6iwQX6xqNEhajbSH9vB82tGLi7TZSsFQX0= sha512-nbjJGvc5+ASmW7xLaCobi7kfjd4wG2WBu9G/fcKAJmKmrnjoqSMZ2IxYLw0X66R+He7TsZClznTL3QVo2mVxNQ==",
    "path": "/js/deps/jquery.validate.min.js"
  },
  "@/js/deps/lang-apollo.js": {
    "hashes": {
      "sha256": "dLEm/f/US3JVRm9AEesFoCiEt9Sp6SCPFEYoEI1kYrs=",
      "sha512": "ivtNIXVIN/DZ6w1r29zd9EVCQOSpbSCm2l1tHxCyyf/Pi2lUY5IBZf0SfIPLstkdIAw/BipM9AgQUnYQUbrrhQ=="
    },
    "integrity": "sha256-dLEm/f/US3JVRm9AEesFoCiEt9Sp6SCPFEYoEI1kYrs= sha512-ivtNIXVIN/DZ6w1r29zd9EVCQOSpbSCm2l1tHxCyyf/Pi2lUY5IBZf0SfIPLstkdIAw/BipM9AgQUnYQUbrrhQ==",
    "path": "/js/deps/lang-apollo.js"
  },
  "@/js/deps/lang-apollo.min.js": {
    "hashes": {
      "sha256": "I6hsyOiP5eh0U9ucnT4DwfN/9cQJkdDyWW2J5dJ3TtE=",
      "sha512": "lF1LKdH+onp0dmcWkl9zHksG8YWG4E89XpjQV6Qm60wCSkvm+jVqWPj3c1+Wpksz5lS8p3BEknFguVQo84W6iA=="
    },
    "integrity": "sha256-I6hsyOiP5eh0U9ucnT4DwfN/9cQJkdDyWW2J5dJ3TtE= sha512-lF1LKdH+onp0dmcWkl9zHksG8YWG4E89XpjQV6Qm60wCSkvm+jVqWPj3c1+Wpksz5lS8p3BEknFguVQo84W6iA==",
    "path": "/js/deps/lang-apollo.min.js"
  },
  "@/js/deps/lang-basic.js": {
    "hashes": {
      "sha256": "TT8KIp8wimA0lb8fn0HPjz8HsecMswIDoyQuhIX7yuM=",
      "sha512": "CpY3QQ3KkGIhuL1SWNyPmA6i9e55DtRw8s9LBOIHWPn860MQuvcj75JgMkhCuWC75mSEsUPKOQGpmu0q+HRctg=="
    },
    "integrity": "sha256-TT8KIp8wimA0lb8fn0HPjz8HsecMswIDoyQuhIX7yuM= sha512-CpY3QQ3KkGIhuL1SWNyPmA6i9e55DtRw8s9LBOIHWPn860MQuvcj75JgMkhCuWC75mSEsUPKOQGpmu0q+HRctg==",
    "path": "/js/deps/lang-basic.js"
  },
  "@/js/deps/lang-basic.min.js": {
    "hashes": {
      "sha256": "83VoGKB5hlhHEdonxuBZP7KjqE1L+NuNY4HJ3ubgZDQ=",
      "sha512": "baCBA8ZqnQQT4p5IvqFAvTEboZiuvJI9Y/GUcAzVp9frOTKTVqspaMiddlQq/FOsuV1eCAHWQr9r7ZFe0pm3rA=="
    },
    "integrity": "sha256-83VoGKB5hlhHEdonxuBZP7KjqE1L+NuNY4HJ3ubgZDQ= sha512-baCBA8ZqnQQT4p5IvqFAvTEboZiuvJI9Y/GUcAzVp9frOTKTVqspaMiddlQq/FOsuV1eCAHWQr9r7ZFe0pm3rA==",
    "path": "/js/deps/lang-basic.min.js"
  },
  "@/js/deps/lang-clj.js": {
    "hashes": {
      "sha256": "YjAmTMYsJEHXlGmpqsR93Cd+coxGhxiR52W4rRbMDiw=",
      "sha512": "VjIXNssHs1mbkAtjK8yauD8oI0YNPp1ngrgcaVdBk+g+7Rb+E/hO9wscyn1azg+7j61x2hsPfoHjQBC9vPgbGQ=="
    },
    "integrity": "sha256-YjAmTMYsJEHXlGmpqsR93Cd+coxGhxiR52W4rRbMDiw= sha512-VjIXNssHs1mbkAtjK8yauD8oI0YNPp1ngrgcaVdBk+g+7Rb+E/hO9wscyn1azg+7j61x2hsPfoHjQBC9vPgbGQ==",
    "path": "/js/deps/lang-clj.js"
  },
  "@/js/deps/lang-clj.min.js": {
    "hashes": {
      "sha256": "nmK4fB5A4PGrqMX8lWn5IDdW1xYpPZM72NtYDYaLUZE=",
      "sha512": "QXIDtMKLeYFUjw987KX9Fx2H0Idci04OmuffWCfCgk4oeFnJmUMSEUkyhaDTsGpiCaoeoC8VpE7jf5hwydHIxQ=="
    },
    "integrity": "sha256-nmK4fB5A4PGrqMX8lWn5IDdW1xYpPZM72NtYDYaLUZE= sha512-QXIDtMKLeYFUjw987KX9Fx2H0Idci04OmuffWCfCgk4oeFnJmUMSEUkyhaDTsGpiCaoeoC8VpE7jf5hwydHIxQ==",
    "path": "/js/deps/lang-clj.min.js"
  },
  "@/js/deps/lang-css.js": {
    "hashes": {
      "sha256": "zZDrh6V3YsPmK4gzodRctqBE3uFtkmzaQ1kNYKwTucg=",
      "sha512": "JxgHGlsFDJX+LXrfdOVeX35+HObPNlDuilLrkviZDxbZTYa4RTg9Wwf4oOkfDxnCAkPhZqtOTP/sHZYLgRSW5Q=="
    },
    "integrity": "sha256-zZDrh6V3YsPmK4gzodRctqBE3uFtkmzaQ1kNYKwTucg= sha512-JxgHGlsFDJX+LXrfdOVeX35+HObPNlDuilLrkviZDxbZTYa4RTg9Wwf4oOkfDxnCAkPhZqtOTP/sHZYLgRSW5Q==",
    "path": "/js/deps/lang-css.js"
  },
  "@/js/deps/lang-css.min.js": {
    "hashes": {
      "sha256": "ZRcQhWauT6RPq2VvrPKLhP15/qUMUDHMrG8tXbtMw6U=",
      "sha512": "yXYzar/uI3pSOISA2lOvMvwkpAX0X0pFTtYezLgU+iWruTE+B3njj74RNyYzqCbngZ2zE7kOISRMnO9FWHfF1Q=="
    },
    "integrity": "sha256-ZRcQhWauT6RPq2VvrPKLhP15/qUMUDHMrG8tXbtMw6U= sha512-yXYzar/uI3pSOISA2lOvMvwkpAX0X0pFTtYezLgU+iWruTE+B3njj74RNyYzqCbngZ2zE7kOISRMnO9FWHfF1Q==",
    "path": "/js/deps/lang-css.min.js"
  },
  "@/js/deps/lang-dart.js": {
    "hashes": {
      "sha256": "x2JZvmF+oWc304F2jMYwF1nM8i5MD5dE28bh4H4Vqi8=",
      "sha512": "XW30iKB9lsIC4I7WjI+vkRUmEOxRFxTpUZFjxYoHJw930S8JQrShdxWCcgYLBLG8iA5baO9IxZ4CPuK8u6QJFg=="
    },
    "integrity": "sha256-x2JZvmF+oWc304F2jMYwF1nM8i5MD5dE28bh4H4Vqi8= sha512-XW30iKB9lsIC4I7WjI+vkRUmEOxRFxTpUZFjxYoHJw930S8JQrShdxWCcgYLBLG8iA5baO9IxZ4CPuK8u6QJFg==",
    "path": "/js/deps/lang-dart.js"
  },
  "@/js/deps/lang-dart.min.js": {
    "hashes": {
      "sha256": "UTnI6m/SQrEnNNP8cIy5CSqllWN1wB79v9nVm90c9h8=",
      "sha512": "5owJ+a/azkXk452tN/TQqzH7VNGa6LR7znoXqm7t0y707cdvHAYiGuRuMcqSXkKOJdRxs83WwXz20nCmgAzR5A=="
    },
    "integrity": "sha256-UTnI6m/SQrEnNNP8cIy5CSqllWN1wB79v9nVm90c9h8= sha512-5owJ+a/azkXk452tN/TQqzH7VNGa6LR7znoXqm7t0y707cdvHAYiGuRuMcqSXkKOJdRxs83WwXz20nCmgAzR5A==",
    "path": "/js/deps/lang-dart.min.js"
  },
  "@/js/deps/lang-erlang.js": {
    "hashes": {
      "sha256": "zNTBc7VhQAlOP/fYrXw6wx4EvdcMiuvz9SFeRmEqy8I=",
      "sha512": "vR22DXspL6vaHGpnoDOjr1sR+r8kge0QSVG4m9+QxEeHg/LanZ+2mRbMlD6bM6nMN64kW4BsBs+mZwfdx0jVXg=="
    },
    "integrity": "sha256-zNTBc7VhQAlOP/fYrXw6wx4EvdcMiuvz9SFeRmEqy8I= sha512-vR22DXspL6vaHGpnoDOjr1sR+r8kge0QSVG4m9+QxEeHg/LanZ+2mRbMlD6bM6nMN64kW4BsBs+mZwfdx0jVXg==",
    "path": "/js/deps/lang-erlang.js"
  },
  "@/js/deps/lang-erlang.min.js": {
    "hashes": {
      "sha256": "gRGxnldq2lOWceTnoeFYHq5tAyDtZRsUyxuRcqgQESY=",
      "sha512": "2SUb9wQfLtpBi1G5RcLtnwXXAgZAWyZMCkVVO8QHtk+jUulf5LOvTbQrFq0QsGaQKog4nYpK2C1JUFXFDfridQ=="
    },
    "integrity": "sha256-gRGxnldq2lOWceTnoeFYHq5tAyDtZRsUyxuRcqgQESY= sha512-2SUb9wQfLtpBi1G5RcLtnwXXAgZAWyZMCkVVO8QHtk+jUulf5LOvTbQrFq0QsGaQKog4nYpK2C1JUFXFDfridQ==",
    "path": "/js/deps/lang-erlang.min.js"
  },
  "@/js/deps/lang-go.js": {
    "hashes": {
      "sha256": "3bxhC/VtBx+ifFtZR2CqeEpUrLLDWckRAbdzyiWqZu8=",
      "sha512": "KSCATu6ipxcysP5/ids4OzSb8q+fAK6w/KW5wD15BxdizK6CHR0e8l0BGAu4/LM21k9mD9iEejl9bE27of1VwA=="
    },
    "integrity": "sha256-3bxhC/VtBx+ifFtZR2CqeEpUrLLDWckRAbdzyiWqZu8= sha512-KSCATu6ipxcysP5/ids4OzSb8q+fAK6w/KW5wD15BxdizK6CHR0e8l0BGAu4/LM21k9mD9iEejl9bE27of1VwA==",
    "path": "/js/deps/lang-go.js"
  },
  "@/js/deps/lang-go.min.js": {
    "hashes": {
      "sha256": "yzyh4ddaM/DbWgeuyuYSpwHyy5YzktgrkLmUF6w7omE=",
      "sha512": "6G7Q5/CreivNXTavJTpWyvs7jaF7iryuFztYZDkV0abPmsCcktHTplcfD4IfrBo6cGiOZuq4mAqkWVR8DQ1xwg=="
    },
    "integrity": "sha256-yzyh4ddaM/DbWgeuyuYSpwHyy5YzktgrkLmUF6w7omE= sha512-6G7Q5/CreivNXTavJTpWyvs7jaF7iryuFztYZDkV0abPmsCcktHTplcfD4IfrBo6cGiOZuq4mAqkWVR8DQ1xwg==",
    "path": "/js/deps/lang-go.min.js"
  },
  "@/js/deps/lang-hs.js": {
    "hashes": {
      "sha256": "tuI3qeUj2Os3SVO6sCD8ZRfw+SgS7YGqix6SLMWXKK8=",
      "sha512": "LLPWFu615pRJz+VQVzy4yd0jOhCA5hWet7aXSAFHD5VVWFVO7YDlCkRJo5AgTtu3MvXM+4gLc9/j3zZP7fJq4A=="
    },
    "integrity": "sha256-tuI3qeUj2Os3SVO6sCD8ZRfw+SgS7YGqix6SLMWXKK8= sha512-LLPWFu615pRJz+VQVzy4yd0jOhCA5hWet7aXSAFHD5VVWFVO7YDlCkRJo5AgTtu3MvXM+4gLc9/j3zZP7fJq4A==",
    "path": "/js/deps/lang-hs.js"
  },
  "@/js/deps/lang-hs.min.js": {
    "hashes": {
      "sha256": "rFMW6ZqQrfifL/ZPEG/a4ookbZKiKB9hGApVBFM3oTE=",
      "sha512": "1OyJFGauE7A4hsBxs0OlVQC1+d9gkbD/69NGU1W4l/dYJodBe8/pqwOGfghtUlMdErw53DjsLPEIy9ANxhN02Q=="
    },
    "integrity": "sha256-rFMW6ZqQrfifL/ZPEG/a4ookbZKiKB9hGApVBFM3oTE= sha512-1OyJFGauE7A4hsBxs0OlVQC1+d9gkbD/69NGU1W4l/dYJodBe8/pqwOGfghtUlMdErw53DjsLPEIy9ANxhN02Q==",
    "path": "/js/deps/lang-hs.min.js"
  },
  "@/js/deps/lang-lisp.js": {
    "hashes": {
      "sha256": "YukQdpUlsItaWvkkZ8DJNuwmoXVBFbM2ZoSaVPNkHPs=",
      "sha512": "4QByA6BxyM1PAsqWDCNzHZjwy6lIo4awXG96Kb6GtQMhEMlP9qvoZjLKNz8pJSWz3YtY3sApBbz1VoY4jZ2YAQ=="
    },
    "integrity": "sha256-YukQdpUlsItaWvkkZ8DJNuwmoXVBFbM2ZoSaVPNkHPs= sha512-4QByA6BxyM1PAsqWDCNzHZjwy6lIo4awXG96Kb6GtQMhEMlP9qvoZjLKNz8pJSWz3YtY3sApBbz1VoY4jZ2YAQ==",
    "path": "/js/deps/lang-lisp.js"
  },
  "@/js/deps/lang-lisp.min.js": {
    "hashes": {
      "sha256": "OMbqMRS8CdZFFxNERB+F8Z5dDCPI+36mXAIOy17ecdM=",
      "sha512": "WbC4YP3vwp2aQM50W6rfcDX4IpJDoQj1/hyZzGoiWpN9+zhxTPAAsNc7ref4HPfeZFnn3m+jkA+IqFHgev/cUw=="
    },
    "integrity": "sha256-OMbqMRS8CdZFFxNERB+F8Z5dDCPI+36mXAIOy17ecdM= sha512-WbC4YP3vwp2aQM50W6rfcDX4IpJDoQj1/hyZzGoiWpN9+zhxTPAAsNc7ref4HPfeZFnn3m+jkA+IqFHgev/cUw==",
    "path": "/js/deps/lang-lisp.min.js"
  },
  "@/js/deps/lang-llvm.js": {
    "hashes": {
      "sha256": "/u/KGUjPb9VKN13OEaZZRUDXMUEb4HkwxTlMusBnPO8=",
      "sha512": "Ak8i9k7+4rKsNAGfLZlC5BIwUJj7Om3OMRDgAAc/7WWQrvAlclLIAUHcS4D9Ylne8AAWM4ieYeJDG8kQustfdQ=="
    },
    "integrity": "sha256-/u/KGUjPb9VKN13OEaZZRUDXMUEb4HkwxTlMusBnPO8= sha512-Ak8i9k7+4rKsNAGfLZlC5BIwUJj7Om3OMRDgAAc/7WWQrvAlclLIAUHcS4D9Ylne8AAWM4ieYeJDG8kQustfdQ==",
    "path": "/js/deps/lang-llvm.js"
  },
  "@/js/deps/lang-llvm.min.js": {
    "hashes": {
      "sha256": "Uuotk0EgG30ztaZ/ok1eMRp8PTyD2EIvzHgEm4URskE=",
      "sha512": "IyV5xLHeJ+uDd47rjhHqoYLpRLD0HWqhUGTSHGWgQYCOO5C3Kjxt50zgow8RZXS8IZmHgx5Q+qnrPy8eQaB4Ew=="
    },
    "integrity": "sha256-Uuotk0EgG30ztaZ/ok1eMRp8PTyD2EIvzHgEm4URskE= sha512-IyV5xLHeJ+uDd47rjhHqoYLpRLD0HWqhUGTSHGWgQYCOO5C3Kjxt50zgow8RZXS8IZmHgx5Q+qnrPy8eQaB4Ew==",
    "path": "/js/deps/lang-llvm.min.js"
  },
  "@/js/deps/lang-lua.js": {
    "hashes": {
      "sha256": "6iUF0yFRsmeor1Wu2+T0qMWDtrHfGzDBbGcV77KnD9I=",
      "sha512": "crIdM3xW855fLansR8l3EiUhORFLXNH0ayNOxIDYpvrpvs++g24xdsVq9rDd2ZAzv/yReaDh9YbEg6OpnJDABg=="
    },
    "integrity": "sha256-6iUF0yFRsmeor1Wu2+T0qMWDtrHfGzDBbGcV77KnD9I= sha512-crIdM3xW855fLansR8l3EiUhORFLXNH0ayNOxIDYpvrpvs++g24xdsVq9rDd2ZAzv/yReaDh9YbEg6OpnJDABg==",
    "path": "/js/deps/lang-lua.js"
  },
  "@/js/deps/lang-lua.min.js": {
    "hashes": {
      "sha256": "r0R7q9YTsmuDfmYOpsyvNeRsixOWCZvECxzf9UJk9QM=",
      "sha512": "y5wHOPkhSI7lqvU5DJqHBEIfiod8V9euURbEeBl9UJQMzGQUXUP9Eca6wtteXEX2CXp8kVRc1AhfVtFCJNONbg=="
    },
    "integrity": "sha256-r0R7q9YTsmuDfmYOpsyvNeRsixOWCZvECxzf9UJk9QM= sha512-y5wHOPkhSI7lqvU5DJqHBEIfiod8V9euURbEeBl9UJQMzGQUXUP9Eca6wtteXEX2CXp8kVRc1AhfVtFCJNONbg==",
    "path": "/js/deps/lang-lua.min.js"
  },
  "@/js/deps/lang-matlab.js": {
    "hashes": {
      "sha256": "k3Ewj+qYJb9VQ1JcvFSa69tsa7DdbStBzDu3tWR6NFE=",
      "sha512": "zpFoV3rxrovfzbJJpn3kmZmLlWdAaYoCchOgFPqca3OVl8W0aOWFXwhy3iewijprmYENI+V2yGnMua3fbbvo7A=="
    },
    "integrity": "sha256-k3Ewj+qYJb9VQ1JcvFSa69tsa7DdbStBzDu3tWR6NFE= sha512-zpFoV3rxrovfzbJJpn3kmZmLlWdAaYoCchOgFPqca3OVl8W0aOWFXwhy3iewijprmYENI+V2yGnMua3fbbvo7A==",
    "path": "/js/deps/lang-matlab.js"
  },
  "@/js/deps/lang-matlab.min.js": {
    "hashes": {
      "sha256": "E1kBlyUWds5k8nEaM8yMluv2xCqy/Q3tDkNlS1FRArI=",
      "sha512": "M0E/UB4kaKShs/9P80Yk5DwS13xpeVRaltrf54okIWuWAYxuxYeR2a+N8UJsJyDcokxMKMXgRj+2iL31RFMVYA=="
    },
    "integrity": "sha256-E1kBlyUWds5k8nEaM8yMluv2xCqy/Q3tDkNlS1FRArI= sha512-M0E/UB4kaKShs/9P80Yk5DwS13xpeVRaltrf54okIWuWAYxuxYeR2a+N8UJsJyDcokxMKMXgRj+2iL31RFMVYA==",
    "path": "/js/deps/lang-matlab.min.js"
  },
  "@/js/deps/lang-ml.js": {
    "hashes": {
      "sha256": "Puk3BH/w325io0bx3/zFywZKhiya8DPj7CgmLozrJUg=",
      "sha512": "oKDq8Chh0D3z39cOXM2P/sPbjF8G9i5RULsdWFyra5c1Q9VQrtWKyFKYkN3SV1EWTrQ9oaR+OdY/0Agw/bQ4YA=="
    },
    "integrity": "sha256-Puk3BH/w325io0bx3/zFywZKhiya8DPj7CgmLozrJUg= sha512-oKDq8Chh0D3z39cOXM2P/sPbjF8G9i5RULsdWFyra5c1Q9VQrtWKyFKYkN3SV1EWTrQ9oaR+OdY/0Agw/bQ4YA==",
    "path": "/js/deps/lang-ml.js"
  },
  "@/js/deps/lang-ml.min.js": {
    "hashes": {
      "sha256": "TcirhvWv04hGCWzFdKlkxnN61SdqlKbeKgmbYYOrDqs=",
      "sha512": "X4yH9/34o5n9QZIoExRKbg+PGa+CUjSXQX8Qn7sROtYlNt8Wc1VeiCvht5AEeHVLUjC3vHOdfLRHMtsvt+N7+g=="
    },
    "integrity": "sha256-TcirhvWv04hGCWzFdKlkxnN61SdqlKbeKgmbYYOrDqs= sha512-X4yH9/34o5n9QZIoExRKbg+PGa+CUjSXQX8Qn7sROtYlNt8Wc1VeiCvht5AEeHVLUjC3vHOdfLRHMtsvt+N7+g==",
    "path": "/js/deps/lang-ml.min.js"
  },
  "@/js/deps/lang-mumps.js": {
    "hashes": {
      "sha256": "OR9CiiecxvkgVZ2slNKapYRfZ6cj+8s7gbYegYTk/9Q=",
      "sha512": "cvmxuAZHP1Nq45FSxkPk4RGoi/4Xv18xUf0jixnWmyc0WR1WgCHJ+4g/qpBRn7/eVr8Q2Rz92oYNk24suQAcPw=="
    },
    "integrity": "sha256-OR9CiiecxvkgVZ2slNKapYRfZ6cj+8s7gbYegYTk/9Q= sha512-cvmxuAZHP1Nq45FSxkPk4RGoi/4Xv18xUf0jixnWmyc0WR1WgCHJ+4g/qpBRn7/eVr8Q2Rz92oYNk24suQAcPw==",
    "path": "/js/deps/lang-mumps.js"
  },
  "@/js/deps/lang-mumps.min.js": {
    "hashes": {
      "sha256": "IUAkrpszYTBP/nPSxBb2xk9/YKx/ad+AtPjrKr1TDlg=",
      "sha512": "eMoWGm8qALLjcPcy7J5thcQhzgVEzo2Q26vWPV5Z0lyaMWfZ0QvnZKcr4ZxPeeRliprLrGC0jg4ie6QGhLvNwg=="
    },
    "integrity": "sha256-IUAkrpszYTBP/nPSxBb2xk9/YKx/ad+AtPjrKr1TDlg= sha512-eMoWGm8qALLjcPcy7J5thcQhzgVEzo2Q26vWPV5Z0lyaMWfZ0QvnZKcr4ZxPeeRliprLrGC0jg4ie6QGhLvNwg==",
    "path": "/js/deps/lang-mumps.min.js"
  },
  "@/js/deps/lang-n.js": {
    "hashes": {
      "sha256": "8PcLLwwz/B1FlCIxtjUScwDaTgCqJFRPCSyyc3sFBU8=",
      "sha512": "VITzIClgpttqiOy8iMz7aXSuMUr8hJNqMdgRYoP9VtGRo1xAS5aMb11BdWXMUlssddcLrLioGRztT0aa8b2OaQ=="
    },
    "integrity": "sha256-8PcLLwwz/B1FlCIxtjUScwDaTgCqJFRPCSyyc3sFBU8= sha512-VITzIClgpttqiOy8iMz7aXSuMUr8hJNqMdgRYoP9VtGRo1xAS5aMb11BdWXMUlssddcLrLioGRztT0aa8b2OaQ==",
    "path": "/js/deps/lang-n.js"
  },
  "@/js/deps/lang-n.min.js": {
    "hashes": {
      "sha256": "1IJPcfMMbx/3yFaEmgCNkbyLsR1AfMNzwbYj0CTuCTg=",
      "sha512": "I5ZvyoBvP2873IojqJfsOEQATvd91jX8VtphI1XTS8uIjm/uaEITNtUBe5FcxB5qU6f1mdxZkI2lZWVVin87gw=="
    },
    "integrity": "sha256-1IJPcfMMbx/3yFaEmgCNkbyLsR1AfMNzwbYj0CTuCTg= sha512-I5ZvyoBvP2873IojqJfsOEQATvd91jX8VtphI1XTS8uIjm/uaEITNtUBe5FcxB5qU6f1mdxZkI2lZWVVin87gw==",
    "path": "/js/deps/lang-n.min.js"
  },
  "@/js/deps/lang-pascal.js": {
    "hashes": {
      "sha256": "dWT31XtchoIMhA8nKMjSceO4P9qALuP+BtrGUIt5TKI=",
      "sha512": "0esOAM87lYjowAuW6aV4AusghnNVdDf/VuSRV0qwAs7ZwpWJBOODOG2ZH+xYxbCHBrCj06NN0VFvUx71Sa10yA=="
    },
    "integrity": "sha256-dWT31XtchoIMhA8nKMjSceO4P9qALuP+BtrGUIt5TKI= sha512-0esOAM87lYjowAuW6aV4AusghnNVdDf/VuSRV0qwAs7ZwpWJBOODOG2ZH+xYxbCHBrCj06NN0VFvUx71Sa10yA==",
    "path": "/js/deps/lang-pascal.js"
  },
  "@/js/deps/lang-pascal.min.js": {
    "hashes": {
      "sha256": "3Yjg8FvrEcMs44FGadziZCfHntYTIC19vxcq9r2sOVY=",
      "sha512": "yUrdhq4edLrwS0Fc8GdKZ6r2+gF3ANv+J8V1N/LJcnEuwu2TXF/9+YxPxx1LREvBO0Ef0kUYQXIC0pQ0R4I1bQ=="
    },
    "integrity": "sha256-3Yjg8FvrEcMs44FGadziZCfHntYTIC19vxcq9r2sOVY= sha512-yUrdhq4edLrwS0Fc8GdKZ6r2+gF3ANv+J8V1N/LJcnEuwu2TXF/9+YxPxx1LREvBO0Ef0kUYQXIC0pQ0R4I1bQ==",
    "path": "/js/deps/lang-pascal.min.js"
  },
  "@/js/deps/lang-proto.js": {
    "hashes": {
      "sha256": "ErUEb7GJn9+NSgeeZktd16fHIn+/7HxjMpiE65HsHng=",
      "sha512": "82DUavMoShrNtnMeh4SBvsBoWLDGnZfyEDrSyxNBd02nuKQLUAEBPK7uCnQY1NKgL4auz+AnVXe5dxXwEo/qzA=="
    },
    "integrity": "sha256-ErUEb7GJn9+NSgeeZktd16fHIn+/7HxjMpiE65HsHng= sha512-82DUavMoShrNtnMeh4SBvsBoWLDGnZfyEDrSyxNBd02nuKQLUAEBPK7uCnQY1NKgL4auz+AnVXe5dxXwEo/qzA==",
    "path": "/js/deps/lang-proto.js"
  },
  "@/js/deps/lang-proto.min.js": {
    "hashes": {
      "sha256": "Sp2rtSd3xEns5cvUvXkNVwdruo/TpBUTmL2DMFNse4s=",
      "sha512": "rdvb43YKWfw2ychzEk7BPlFetLVhbiVRDap2zhBok2EsSrL7h2rveS5jeIIyzN4Y6/lTkLs5daVaVg29mp965A=="
    },
    "integrity": "sha256-Sp2rtSd3xEns5cvUvXkNVwdruo/TpBUTmL2DMFNse4s= sha512-rdvb43YKWfw2ychzEk7BPlFetLVhbiVRDap2zhBok2EsSrL7h2rveS5jeIIyzN4Y6/lTkLs5daVaVg29mp965A==",
    "path": "/js/deps/lang-proto.min.js"
  },
  "@/js/deps/lang-r.js": {
    "hashes": {
      "sha256": "b1YKpYnTYHrMeGf9q9khp33M+pDtcWE3Gs2YW2sUvLY=",
      "sha512": "+L8fiQjCNVS3DraBlDyPM8vOKloRRjNThFvBe3RC33U55kmAS/aWOqMEj2cjsv0l1KX7ue+uWg0Ty4wHQlvTTg=="
    },
    "integrity": "sha256-b1YKpYnTYHrMeGf9q9khp33M+pDtcWE3Gs2YW2sUvLY= sha512-+L8fiQjCNVS3DraBlDyPM8vOKloRRjNThFvBe3RC33U55kmAS/aWOqMEj2cjsv0l1KX7ue+uWg0Ty4wHQlvTTg==",
    "path": "/js/deps/lang-r.js"
  },
  "@/js/deps/lang-r.min.js": {
    "hashes": {
      "sha256": "8iCgm2jrn+BlA3V4XR7R0fmEUvvF2HrZdtVofma9y6g=",
      "sha512": "FOjbY0RZu8FOjPr+kV0Y/luUj/SoZFcJvugmjNl+BI0za3BV5S90/LXedoP73Z7GqRupubZCNJeTm+srb0xysQ=="
    },
    "integrity": "sha256-8iCgm2jrn+BlA3V4XR7R0fmEUvvF2HrZdtVofma9y6g= sha512-FOjbY0RZu8FOjPr+kV0Y/luUj/SoZFcJvugmjNl+BI0za3BV5S90/LXedoP73Z7GqRupubZCNJeTm+srb0xysQ==",
    "path": "/js/deps/lang-r.min.js"
  },
  "@/js/deps/lang-rd.js": {
    "hashes": {
      "sha256": "1r4KMMypk0YOCbxnEpE7B84kaTgJF43eI76k/ZZ/FtA=",
      "sha512": "rXsruevGvLw2BLDCl+ju43TwGuDRyV0JOmf4TzswHEZm8twxQVikmfSnXnYSoJhAd5MbQ/ngCahRqzqgtNDtKA=="
    },
    "integrity": "sha256-1r4KMMypk0YOCbxnEpE7B84kaTgJF43eI76k/ZZ/FtA= sha512-rXsruevGvLw2BLDCl+ju43TwGuDRyV0JOmf4TzswHEZm8twxQVikmfSnXnYSoJhAd5MbQ/ngCahRqzqgtNDtKA==",
    "path": "/js/deps/lang-rd.js"
  },
  "@/js/deps/lang-rd.min.js": {
    "hashes": {
      "sha256": "yJW1Gi+2JDKYia4oyfvADM5d9w4OGJiCpVZl+QKS2Mc=",
      "sha512": "b+AkKpVzH4U3SLK2L/qAQq9tFUj+X/uKZ3VHS2qSF+bnYqxYZjJChW1Z7t4FiJfxtE/PVRlX782UMpFtctf85w=="
    },
    "integrity": "sha256-yJW1Gi+2JDKYia4oyfvADM5d9w4OGJiCpVZl+QKS2Mc= sha512-b+AkKpVzH4U3SLK2L/qAQq9tFUj+X/uKZ3VHS2qSF+bnYqxYZjJChW1Z7t4FiJfxtE/PVRlX782UMpFtctf85w==",
    "path": "/js/deps/lang-rd.min.js"
  },
  "@/js/deps/lang-scala.js": {
    "hashes": {
      "sha256": "bdZDpIGXR7ALeV+UC5Fn222SerSrkEgcD0azlxpN/1k=",
      "sha512": "lQiiNog8Kvdc0V1S16CSmPDocBBR10bEephvsMbSV8B6/oewLijI+0d7kGxUx6tk5UxiwppnvY1ZVk2LrOzxTg=="
    },
    "integrity": "sha256-bdZDpIGXR7ALeV+UC5Fn222SerSrkEgcD0azlxpN/1k= sha512-lQiiNog8Kvdc0V1S16CSmPDocBBR10bEephvsMbSV8B6/oewLijI+0d7kGxUx6tk5UxiwppnvY1ZVk2LrOzxTg==",
    "path": "/js/deps/lang-scala.js"
  },
  "@/js/deps/lang-scala.min.js": {
    "hashes": {
      "sha256": "N5A0yv1QSGl6t4nJXk8HVNjK4TX7b8kokJDhaDiYu20=",
      "sha512": "uAPLyhF9QMaA8vqweM9G+qE8hwqj9CiBrws0d4x74lmFl6mpcp7KzvCuuUei1TKSRl+ljQiLKKCnT8dEqTr1Ew=="
    },
    "integrity": "sha256-N5A0yv1QSGl6t4nJXk8HVNjK4TX7b8kokJDhaDiYu20= sha512-uAPLyhF9QMaA8vqweM9G+qE8hwqj9CiBrws0d4x74lmFl6mpcp7KzvCuuUei1TKSRl+ljQiLKKCnT8dEqTr1Ew==",
    "path": "/js/deps/lang-scala.min.js"
  },
  "@/js/deps/lang-sql.js": {
    "hashes": {
      "sha256": "mcTuegUMJHr9aOoA21Z5Rv29KxgWEQybh53Ck+ngAdk=",
      "sha512": "GfTa2AUARQOLWDyK6dqgQGgn2Xk8qTaB8Leqg7VzGxdcedzyetJM7U9R+3uR82ZLJsNZ6Iu6Nv1x6xo8KDMxag=="
    },
    "integrity": "sha256-mcTuegUMJHr9aOoA21Z5Rv29KxgWEQybh53Ck+ngAdk= sha512-GfTa2AUARQOLWDyK6dqgQGgn2Xk8qTaB8Leqg7VzGxdcedzyetJM7U9R+3uR82ZLJsNZ6Iu6Nv1x6xo8KDMxag==",
    "path": "/js/deps/lang-sql.js"
  },
  "@/js/deps/lang-sql.min.js": {
    "hashes": {
      "sha256": "ekC9jCVX94rGFF+/LC+xTz0rfvrjkHuuFDOOKop4w7E=",
      "sha512": "AlJe2ziJgTX8c8SxbIpn/XVhglhhB9CWDDaITAfUWgKAW02G9sf7seYs0LMK84uv5XcVfZxWoKNIZYpCG/9ZTQ=="
    },
    "integrity": "sha256-ekC9jCVX94rGFF+/LC+xTz0rfvrjkHuuFDOOKop4w7E= sha512-AlJe2ziJgTX8c8SxbIpn/XVhglhhB9CWDDaITAfUWgKAW02G9sf7seYs0LMK84uv5XcVfZxWoKNIZYpCG/9ZTQ==",
    "path": "/js/deps/lang-sql.min.js"
  },
  "@/js/deps/lang-tcl.js": {
    "hashes": {
      "sha256": "aESDzWtPdCNJ0JUKqMVjBMfb2ymiA+hRIC+jyxvXQ5I=",
      "sha512": "NbfpxTZmXX8bpVN+gVK0KfYMXvTp5UTob0HKxtaphnMeq4yrr9R58c7Mr9wG+HkNEbFVrQMlL1sMvg4DsBoIxg=="
    },
    "integrity": "sha256-aESDzWtPdCNJ0JUKqMVjBMfb2ymiA+hRIC+jyxvXQ5I= sha512-NbfpxTZmXX8bpVN+gVK0KfYMXvTp5UTob0HKxtaphnMeq4yrr9R58c7Mr9wG+HkNEbFVrQMlL1sMvg4DsBoIxg==",
    "path": "/js/deps/lang-tcl.js"
  },
  "@/js/deps/lang-tcl.min.js": {
    "hashes": {
      "sha256": "Ved0iOQXfcCKqF+tzY7lax/CCzqWGKj7Mqp4K8G3zsw=",
      "sha512": "C/fB5JGwWrKjkqdAm11sL78WDsEXwtxWZjAZ0eAP8lRrjIsV+dxCn4FY/A9e3ML+2q8BsH5WIpbQbFzQBN21sQ=="
    },
    "integrity": "sha256-Ved0iOQXfcCKqF+tzY7lax/CCzqWGKj7Mqp4K8G3zsw= sha512-C/fB5JGwWrKjkqdAm11sL78WDsEXwtxWZjAZ0eAP8lRrjIsV+dxCn4FY/A9e3ML+2q8BsH5WIpbQbFzQBN21sQ==",
    "path": "/js/deps/lang-tcl.min.js"
  },
  "@/js/deps/lang-tex.js": {
    "hashes": {
      "sha256": "PURkpEN9mwUJRmetnHxTEMuMCaE1loqFND8narYRPAE=",
      "sha512": "8NUae6F5Hhx2ALMcE8F8Veh68v4l5e+rmafhFdPuQu4Tc+UwjgR4MFoiBOUoKEankjFegfKuFYApCUO9Fxje5g=="
    },
    "integrity": "sha256-PURkpEN9mwUJRmetnHxTEMuMCaE1loqFND8narYRPAE= sha512-8NUae6F5Hhx2ALMcE8F8Veh68v4l5e+rmafhFdPuQu4Tc+UwjgR4MFoiBOUoKEankjFegfKuFYApCUO9Fxje5g==",
    "path": "/js/deps/lang-tex.js"
  },
  "@/js/deps/lang-tex.min.js": {
    "hashes": {
      "sha256": "rP+TquQvyuj3RDjyd/+7EXnh8DlQOm6QhlGSSsXZ5Sk=",
      "sha512": "KTG1jr90fH9vdPxLUIUS2UZTPZ/lRPJzUqJsk+JQW5OFoCX4PMXS5PpB0WX0pBxs21mOsKKPbuvPmtOsIaT9SQ=="
    },
    "integrity": "sha256-rP+TquQvyuj3RDjyd/+7EXnh8DlQOm6QhlGSSsXZ5Sk= sha512-KTG1jr90fH9vdPxLUIUS2UZTPZ/lRPJzUqJsk+JQW5OFoCX4PMXS5PpB0WX0pBxs21mOsKKPbuvPmtOsIaT9SQ==",
    "path": "/js/deps/lang-tex.min.js"
  },
  "@/js/deps/lang-vb.js": {
    "hashes": {
      "sha256": "x9TtMQtnEUs9wpovh2G6CArWi75PWrMB8atFuwMVRdA=",
      "sha512": "w6xp2arWDpQVX+lm66mUbGA/BmX3zPGEID31vNHDDzznDmL//y+3CEBsGEF9gf2pJvqBOooZCkpjRZLsTtt+eg=="
    },
    "integrity": "sha256-x9TtMQtnEUs9wpovh2G6CArWi75PWrMB8atFuwMVRdA= sha512-w6xp2arWDpQVX+lm66mUbGA/BmX3zPGEID31vNHDDzznDmL//y+3CEBsGEF9gf2pJvqBOooZCkpjRZLsTtt+eg==",
    "path": "/js/deps/lang-vb.js"
  },
  "@/js/deps/lang-vb.min.js": {
    "hashes": {
      "sha256": "Fuhpz2AuPqTOkfPsLBrnuIMMeznxzV7jT89hQ7Mse+Q=",
      "sha512": "wpFGDzJRqDb+SKfDV4i8epCSZJOs/ET5jVPJdY7TJbK4JhMDqbECZvqhy/ifqmZbjr+GaU4SSvHnoyKPoA3aSQ=="
    },
    "integrity": "sha256-Fuhpz2AuPqTOkfPsLBrnuIMMeznxzV7jT89hQ7Mse+Q= sha512-wpFGDzJRqDb+SKfDV4i8epCSZJOs/ET5jVPJdY7TJbK4JhMDqbECZvqhy/ifqmZbjr+GaU4SSvHnoyKPoA3aSQ==",
    "path": "/js/deps/lang-vb.min.js"
  },
  "@/js/deps/lang-vhdl.js": {
    "hashes": {
      "sha256": "ZgmlLckPKjcKLHxptBC+PFLmJuxPF8zR2fe7//SAtwY=",
      "sha512": "gjTZZ5jdcPNy1G8Nrf+YQsp+1+TTHH2IwtMJuGYSYhMMUMAA32IUzev2gp879zZBikzcbS/Wcz5wkUjaTHTesA=="
    },
    "integrity": "sha256-ZgmlLckPKjcKLHxptBC+PFLmJuxPF8zR2fe7//SAtwY= sha512-gjTZZ5jdcPNy1G8Nrf+YQsp+1+TTHH2IwtMJuGYSYhMMUMAA32IUzev2gp879zZBikzcbS/Wcz5wkUjaTHTesA==",
    "path": "/js/deps/lang-vhdl.js"
  },
  "@/js/deps/lang-vhdl.min.js": {
    "hashes": {
      "sha256": "Q4jsW5EOGj4PeS8e/Pk7ryqZGeTmNNk/ySJn6s/o6yw=",
      "sha512": "a6Gqa1EIqOEdtS5tjmjw1+FSdmiLpNDpQHT87XmiiRnVkhO2HfUiitpXecALrOn3g82ye+OSco010TaK5Xzx8g=="
    },
    "integrity": "sha256-Q4jsW5EOGj4PeS8e/Pk7ryqZGeTmNNk/ySJn6s/o6yw= sha512-a6Gqa1EIqOEdtS5tjmjw1+FSdmiLpNDpQHT87XmiiRnVkhO2HfUiitpXecALrOn3g82ye+OSco010TaK5Xzx8g==",
    "path": "/js/deps/lang-vhdl.min.js"
  },
  "@/js/deps/lang-wiki.js": {
    "hashes": {
      "sha256": "tV6eaJHLHpjVQmQYkIAudEvHJ0mnAF8SATojc7GJOcw=",
      "sha512": "ho8w3s4VM6RzVjMVf8k0FlsbfdWGevKAYYJMyelXjsuAGclOoLliSY3UAS/rLV8ikMeVai6QbPFz+w+kjoOeyA=="
    },
    "integrity": "sha256-tV6eaJHLHpjVQmQYkIAudEvHJ0mnAF8SATojc7GJOcw= sha512-ho8w3s4VM6RzVjMVf8k0FlsbfdWGevKAYYJMyelXjsuAGclOoLliSY3UAS/rLV8ikMeVai6QbPFz+w+kjoOeyA==",
    "path": "/js/deps/lang-wiki.js"
  },
  "@/js/deps/lang-wiki.min.js": {
    "hashes": {
      "sha256": "TWyw3XfiTmFIP8j+avwPWS25fjr8I6R9vNNuYXDpCAs=",
      "sha512": "ztAP6aZFrTgNY0uDJr7z+VHhZTNxDcx+Gvy0SbCTVyK97+ZWw5pwYT4iuIJrwL6Grg9VkKz4nwTyClmiTp7cRw=="
    },
    "integrity": "sha256-TWyw3XfiTmFIP8j+avwPWS25fjr8I6R9vNNuYXDpCAs= sha512-ztAP6aZFrTgNY0uDJr7z+VHhZTNxDcx+Gvy0SbCTVyK97+ZWw5pwYT4iuIJrwL6Grg9VkKz4nwTyClmiTp7cRw==",
    "path": "/js/deps/lang-wiki.min.js"
  },
  "@/js/deps/lang-xq.js": {
    "hashes": {
      "sha256": "H8rUTUO8l8xpoo40aEAGYEOGw96g4tpBmvq0E3ISH7k=",
      "sha512": "ZK8pWeYzmtDQkq6k7D8tifjDIcyeCZpMVoq3ST5uHI0Mkku9ict8rJZjwAldFC9LdlEA+GMAMFSvQSPrjmJ8ug=="
    },
    "integrity": "sha256-H8rUTUO8l8xpoo40aEAGYEOGw96g4tpBmvq0E3ISH7k= sha512-ZK8pWeYzmtDQkq6k7D8tifjDIcyeCZpMVoq3ST5uHI0Mkku9ict8rJZjwAldFC9LdlEA+GMAMFSvQSPrjmJ8ug==",
    "path": "/js/deps/lang-xq.js"
  },
  "@/js/deps/lang-xq.min.js": {
    "hashes": {
      "sha256": "rqoH+pYFA+d4creNrxEiRZAi/DGnlTwJ+DKvgt3nRJg=",
      "sha512": "MFT4DERcwgaCrTHXJOJrAtudPIcbc15vm5bH1YvZLBWPiwGZ8dhUsb0ky6EfyxebJXDClD1utd0qdug45ZuSxw=="
    },
    "integrity": "sha256-rqoH+pYFA+d4creNrxEiRZAi/DGnlTwJ+DKvgt3nRJg= sha512-MFT4DERcwgaCrTHXJOJrAtudPIcbc15vm5bH1YvZLBWPiwGZ8dhUsb0ky6EfyxebJXDClD1utd0qdug45ZuSxw==",
    "path": "/js/deps/lang-xq.min.js"
  },
  "@/js/deps/lang-yaml.js": {
    "hashes": {
      "sha256": "5u79YMehnWK4dLOmSs8m6PHqWNeQN48bPKyaZB9v0CE=",
      "sha512": "zArrUf3sYg1Fw3Gch8eIKK4NrWzfaUZt2iZZKv3mcFaGJI1+yw8VPuaw//P3caWMRlKoc6kqFDTn1aTdMT6wLw=="
    },
    "integrity": "sha256-5u79YMehnWK4dLOmSs8m6PHqWNeQN48bPKyaZB9v0CE= sha512-zArrUf3sYg1Fw3Gch8eIKK4NrWzfaUZt2iZZKv3mcFaGJI1+yw8VPuaw//P3caWMRlKoc6kqFDTn1aTdMT6wLw==",
    "path": "/js/deps/lang-yaml.js"
  },
  "@/js/deps/lang-yaml.min.js": {
    "hashes": {
      "sha256": "eMpbubUgY5Iw7IOMK/b9IRUtUd/kbN7oM34bCNE2Xr4=",
      "sha512": "3GqyWSzx6Ikxkirji45bcLMi8bk9F6Ow65UmEYhLHpHh3NxvJzBtyupFOENy1AzZQOE8V1kc58ffdc73S6xd0g=="
    },
    "integrity": "sha256-eMpbubUgY5Iw7IOMK/b9IRUtUd/kbN7oM34bCNE2Xr4= sha512-3GqyWSzx6Ikxkirji45bcLMi8bk9F6Ow65UmEYhLHpHh3NxvJzBtyupFOENy1AzZQOE8V1kc58ffdc73S6xd0g==",
    "path": "/js/deps/lang-yaml.min.js"
  },
  "@/js/deps/prettify.js": {
    "hashes": {
      "sha256": "GAYUuvQjOb95Cf2PvditHJhChcSV8h5yqa2Z1CXtm2A=",
      "sha512": "v39/A7lCqlZYEUpg/NZG13ywQu1+N5rlNL3V1i6CqcSMO2atag/DA+II/0AoW5YiUtC/4xWe629V0v0LBsAqpQ=="
    },
    "integrity": "sha256-GAYUuvQjOb95Cf2PvditHJhChcSV8h5yqa2Z1CXtm2A= sha512-v39/A7lCqlZYEUpg/NZG13ywQu1+N5rlNL3V1i6CqcSMO2atag/DA+II/0AoW5YiUtC/4xWe629V0v0LBsAqpQ==",
    "path": "/js/deps/prettify.js"
  },
  "@/js/deps/prettify.min.js": {
    "hashes": {
      "sha256": "W+h80GnvSMC4r1G8dHrwsAd7HzGr5NBx2spM1v/cnco=",
      "sha512": "1G2BD1mSZkFPLuCZ24pJ+GrAkkcfqIc7sEIMtV8t1II4lte5EHMLNGq6okpuxt0oPIOCjzzsOCT9oKUy/EIEMQ=="
    },
    "integrity": "sha256-W+h80GnvSMC4r1G8dHrwsAd7HzGr5NBx2spM1v/cnco= sha512-1G2BD1mSZkFPLuCZ24pJ+GrAkkcfqIc7sEIMtV8t1II4lte5EHMLNGq6okpuxt0oPIOCjzzsOCT9oKUy/EIEMQ==",
    "path": "/js/deps/prettify.min.js"
  },
  "@/js/deps/proj4.js": {
    "hashes": {
      "sha256": "sB2hu3EXdH1R4i53wqxcnYBxBKa15V90gAgMG0c8nlE=",
      "sha512": "BJlW78WsgJ/GTHRTomVzhWMAX1kStUZsZAXWD+t3FuVQ+j0pg7RLDNarqoICd8qAr3YOE3ba5iml17Kll6JF7Q=="
    },
    "integrity": "sha256-sB2hu3EXdH1R4i53wqxcnYBxBKa15V90gAgMG0c8nlE= sha512-BJlW78WsgJ/GTHRTomVzhWMAX1kStUZsZAXWD+t3FuVQ+j0pg7RLDNarqoICd8qAr3YOE3ba5iml17Kll6JF7Q==",
    "path": "/js/deps/proj4.js"
  },
  "@/js/deps/proj4.min.js": {
    "hashes": {
      "sha256": "hffBx/PInQYrb/4EkxDEwVnRYD8/xzfD1qNqTW/bnV8=",
      "sha512": "zx2ywfi3uo/RkH6lEf/nqL7jxi4fhQynv9+q46vf3iy2mqY69p94CP9IB7mShKzCAdXEuoO5vaUCXSaAAPAuQg=="
    },
    "integrity": "sha256-hffBx/PInQYrb/4EkxDEwVnRYD8/xzfD1qNqTW/bnV8= sha512-zx2ywfi3uo/RkH6lEf/nqL7jxi4fhQynv9+q46vf3iy2mqY69p94CP9IB7mShKzCAdXEuoO5vaUCXSaAAPAuQg==",
    "path": "/js/deps/proj4.min.js"
  },
  "@/js/deps/run_prettify.js": {
    "hashes": {
      "sha256": "oCMR5+6Hcfzt174x0X+fjuxsXbz6DN6ZGST7NWXDMAM=",
      "sha512": "D2xg2ZUyuF1RjXrze6R9jP9NHVim5clUaC/dXY/zoMWW75BnbL0XgskuLBQ0Ts0kjiE+asavhJw66TJd6n7UiQ=="
    },
    "integrity": "sha256-oCMR5+6Hcfzt174x0X+fjuxsXbz6DN6ZGST7NWXDMAM= sha512-D2xg2ZUyuF1RjXrze6R9jP9NHVim5clUaC/dXY/zoMWW75BnbL0XgskuLBQ0Ts0kjiE+asavhJw66TJd6n7UiQ==",
    "path": "/js/deps/run_prettify.js"
  },
  "@/js/deps/run_prettify.min.js": {
    "hashes": {
      "sha256": "/DsK5FN/DrenG6Bfyv8s/STtQog+ZFE+P6rQ/yMfvnA=",
      "sha512": "wVZs0RhNmHwVGtAe0xRkbNdXI+LW3AMb/mCvaZhaGfOFjpcCQX79sR1m4X7144CgDS8m/xuoC9sZ5G2122JqCA=="
    },
    "integrity": "sha256-/DsK5FN/DrenG6Bfyv8s/STtQog+ZFE+P6rQ/yMfvnA= sha512-wVZs0RhNmHwVGtAe0xRkbNdXI+LW3AMb/mCvaZhaGfOFjpcCQX79sR1m4X7144CgDS8m/xuoC9sZ5G2122JqCA==",
    "path": "/js/deps/run_prettify.min.js"
  },
  "@/js/deps/tableparser.js": {
    "hashes": {
      "sha256": "XeW0626wric1YbaYUjClPbAUkc5Q3AiUz+Yv/68U8no=",
      "sha512": "qoTtIZKuJLZyi0MZwBQTPi1JTSczfBY3PirEddZ8Q0ADs6OS1DoIMFnBa6mVYzlmUS15Vm0z+kMU4u3dw31Iwg=="
    },
    "integrity": "sha256-XeW0626wric1YbaYUjClPbAUkc5Q3AiUz+Yv/68U8no= sha512-qoTtIZKuJLZyi0MZwBQTPi1JTSczfBY3PirEddZ8Q0ADs6OS1DoIMFnBa6mVYzlmUS15Vm0z+kMU4u3dw31Iwg==",
    "path": "/js/deps/tableparser.js"
  },
  "@/js/deps/tableparser.min.js": {
    "hashes": {
      "sha256": "5TNSRHLDb8x6C+/fJ39x1y6l1wkwYBnmvVBjfT7bYmk=",
      "sha512": "sOU9R9LRqrCGjIZDRuSX5/4YGYMPiMLXHQ3Xea4+cM45Gi1A2VO5lFQzIIPNJXzjEMUebb7ljUzPhNvpSj1YYw=="
    },
    "integrity": "sha256-5TNSRHLDb8x6C+/fJ39x1y6l1wkwYBnmvVBjfT7bYmk= sha512-sOU9R9LRqrCGjIZDRuSX5/4YGYMPiMLXHQ3Xea4+cM45Gi1A2VO5lFQzIIPNJXzjEMUebb7ljUzPhNvpSj1YYw==",
    "path": "/js/deps/tableparser.min.js"
  },
  "@/js/deps/unorm.js": {
    "hashes": {
      "sha256": "xWnWSIT1E9odSGUm5SqyqpWE043THDWlenhoeGagGw0=",
      "sha512": "Y+venlViw/gHeoXZeGqi61chu45ipo30snU9bR8DXTxfJIUBUg4M0TwecQQkyBORA5htTpoaJMKfP6wvW4ogbA=="
    },
    "integrity": "sha256-xWnWSIT1E9odSGUm5SqyqpWE043THDWlenhoeGagGw0= sha512-Y+venlViw/gHeoXZeGqi61chu45ipo30snU9bR8DXTxfJIUBUg4M0TwecQQkyBORA5htTpoaJMKfP6wvW4ogbA==",
    "path": "/js/deps/unorm.js"
  },
  "@/js/deps/unorm.min.js": {
    "hashes": {
      "sha256": "gseNf4HTC2hPK+CsUlWKDgz/IFMEKDNiX5Fu3IvhSr4=",
      "sha512": "cgyxWk4g2vrgR1T4ow5RtYD5fN8L9CvxVTpGlT010tp+n3QNchiwY2WZLtolIgPK343cQjnZP62BsIxsPAaJEw=="
    },
    "integrity": "sha256-gseNf4HTC2hPK+CsUlWKDgz/IFMEKDNiX5Fu3IvhSr4= sha512-cgyxWk4g2vrgR1T4ow5RtYD5fN8L9CvxVTpGlT010tp+n3QNchiwY2WZLtolIgPK343cQjnZP62BsIxsPAaJEw==",
    "path": "/js/deps/unorm.min.js"
  },
  "@/js/i18n/af.js": {
    "hashes": {
      "sha256": "j64G663kDe5VTmT6va/T9QWIf1ICJn/R0PsQtN1OGEM=",
      "sha512": "hQLsHJEezYT28+YpOCD+i9/UU3EqZvlhkooteuD+z+ZMj5SFcXvXwFF0TP7NGSKKrgsF/hUlicukmnq/0yuR+w=="
    },
    "integrity": "sha256-j64G663kDe5VTmT6va/T9QWIf1ICJn/R0PsQtN1OGEM= sha512-hQLsHJEezYT28+YpOCD+i9/UU3EqZvlhkooteuD+z+ZMj5SFcXvXwFF0TP7NGSKKrgsF/hUlicukmnq/0yuR+w==",
    "path": "/js/i18n/af.js"
  },
  "@/js/i18n/af.min.js": {
    "hashes": {
      "sha256": "6d18zSGn95tbIlyQlVogNPJZ/7ZQW8bsjvklOfj3Ci4=",
      "sha512": "9KWvqHVl6dU76pbeIx5d60P7BRedOCq/+yZ2JAzGyPSmAdtKreoMAQBR472kf49eoTimsDVgMPnszEeQfsyMlw=="
    },
    "integrity": "sha256-6d18zSGn95tbIlyQlVogNPJZ/7ZQW8bsjvklOfj3Ci4= sha512-9KWvqHVl6dU76pbeIx5d60P7BRedOCq/+yZ2JAzGyPSmAdtKreoMAQBR472kf49eoTimsDVgMPnszEeQfsyMlw==",
    "path": "/js/i18n/af.min.js"
  },
  "@/js/i18n/ar.js": {
    "hashes": {
      "sha256": "DIpm/vcQ9XSHEvq5e+zmV7c7S5wO7H89mT00+wBAhhE=",
      "sha512": "rXcHS2NlCKwPxTtAJCm6tcAWhWlmD0NOW7P9AJnsBngL2+yr+8+jGrzEmbSQgtt0prDhyXe7+/QNO8xi5XpimQ=="
    },
    "integrity": "sha256-DIpm/vcQ9XSHEvq5e+zmV7c7S5wO7H89mT00+wBAhhE= sha512-rXcHS2NlCKwPxTtAJCm6tcAWhWlmD0NOW7P9AJnsBngL2+yr+8+jGrzEmbSQgtt0prDhyXe7+/QNO8xi5XpimQ==",
    "path": "/js/i18n/ar.js"
  },
  "@/js/i18n/ar.min.js": {
    "hashes": {
      "sha256": "YyQQTdG0oVtnXfIqpo4F+326LaIKeRxwyojxDiOULMY=",
      "sha512": "KY04wwuPplsb/kHNVLx1ZpFFKPdVcYiM2mjIA4QOmf8CcZ4gKRaHVctyEe/7E0kG8ALwQ7ZtpD2gp44RRF2i5Q=="
    },
    "integrity": "sha256-YyQQTdG0oVtnXfIqpo4F+326LaIKeRxwyojxDiOULMY= sha512-KY04wwuPplsb/kHNVLx1ZpFFKPdVcYiM2mjIA4QOmf8CcZ4gKRaHVctyEe/7E0kG8ALwQ7ZtpD2gp44RRF2i5Q==",
    "path": "/js/i18n/ar.min.js"
  },
  "@/js/i18n/bg.js": {
    "hashes": {
      "sha256": "hT0Zcm+QipSOjAYhNPcsxH57NFRGkocz3r983HUTyW0=",
      "sha512": "GN1JfVIAzKJ/DKPO+0Ig0CdDP2rSHJcuimHQf8YJk8icoeeg9tOOhFTwVXTiV76WDvXU/ft+IKvVT100uG7vAg=="
    },
    "integrity": "sha256-hT0Zcm+QipSOjAYhNPcsxH57NFRGkocz3r983HUTyW0= sha512-GN1JfVIAzKJ/DKPO+0Ig0CdDP2rSHJcuimHQf8YJk8icoeeg9tOOhFTwVXTiV76WDvXU/ft+IKvVT100uG7vAg==",
    "path": "/js/i18n/bg.js"
  },
  "@/js/i18n/bg.min.js": {
    "hashes": {
      "sha256": "5gBaPgeAtyUlMyy0EqR33AXkUJYlF2/ZAJJp/mQugOw=",
      "sha512": "VX0l9cL5ItTBqTvbULjfeUN+zK8bnhqO1Z+DEC7vK1J1HdUQnPLMLQAUUTBPH126cvWmZYFobZQ/WAOaLIqKmQ=="
    },
    "integrity": "sha256-5gBaPgeAtyUlMyy0EqR33AXkUJYlF2/ZAJJp/mQugOw= sha512-VX0l9cL5ItTBqTvbULjfeUN+zK8bnhqO1Z+DEC7vK1J1HdUQnPLMLQAUUTBPH126cvWmZYFobZQ/WAOaLIqKmQ==",
    "path": "/js/i18n/bg.min.js"
  },
  "@/js/i18n/cs.js": {
    "hashes": {
      "sha256": "JCbtnO3UoY6Dlg6yFexZJAqn0nmrSOWYVliKRQXmg+c=",
      "sha512": "lNjy4v5P8PFyvXAIEjaHxiJ0jaItBZzW2UVa+K7Fv5VhGQ3GucQd3icewN2z2LLRXJMtUorOOGbt+18xlQcofA=="
    },
    "integrity": "sha256-JCbtnO3UoY6Dlg6yFexZJAqn0nmrSOWYVliKRQXmg+c= sha512-lNjy4v5P8PFyvXAIEjaHxiJ0jaItBZzW2UVa+K7Fv5VhGQ3GucQd3icewN2z2LLRXJMtUorOOGbt+18xlQcofA==",
    "path": "/js/i18n/cs.js"
  },
  "@/js/i18n/cs.min.js": {
    "hashes": {
      "sha256": "q9JyaxttGrkTKZYrTvYuYiZyRGhcza5HU/rBhbpQEkk=",
      "sha512": "Hbg+fKEds71uyJ2C0nT8pemCDjNcn5ezcpHdg/plIp5wFnoyANFSbXBvnzp1g0sPTctAKt7kOSAkBQow+6OBww=="
    },
    "integrity": "sha256-q9JyaxttGrkTKZYrTvYuYiZyRGhcza5HU/rBhbpQEkk= sha512-Hbg+fKEds71uyJ2C0nT8pemCDjNcn5ezcpHdg/plIp5wFnoyANFSbXBvnzp1g0sPTctAKt7kOSAkBQow+6OBww==",
    "path": "/js/i18n/cs.min.js"
  },
  "@/js/i18n/de.js": {
    "hashes": {
      "sha256": "GoL05I371/W9iNvxCnUyvlM0bD0cLfqofkkVrPcvw0M=",
      "sha512": "tpxOSWWIPQw3XJuc2KhaqlzYXpEfy/PkXykVlyKGaVYA4PEL+7PTqD42fg9qjD1qcFghUL1L/ULMhp6SzhFBxA=="
    },
    "integrity": "sha256-GoL05I371/W9iNvxCnUyvlM0bD0cLfqofkkVrPcvw0M= sha512-tpxOSWWIPQw3XJuc2KhaqlzYXpEfy/PkXykVlyKGaVYA4PEL+7PTqD42fg9qjD1qcFghUL1L/ULMhp6SzhFBxA==",
    "path": "/js/i18n/de.js"
  },
  "@/js/i18n/de.min.js": {
    "hashes": {
      "sha256": "YjhZVO0MfTMewpekE9FRn9kH6KF/JETjjFi5IDQJ/Bw=",
      "sha512": "WtkcShLQ1FkEqYeGf70CE8O559Sy3pBumIgEgotgPtlSxeRZYxcBYf8qGweNE2L0eclWLqKzBFPcuqHez/2Q1A=="
    },
    "integrity": "sha256-YjhZVO0MfTMewpekE9FRn9kH6KF/JETjjFi5IDQJ/Bw= sha512-WtkcShLQ1FkEqYeGf70CE8O559Sy3pBumIgEgotgPtlSxeRZYxcBYf8qGweNE2L0eclWLqKzBFPcuqHez/2Q1A==",
    "path": "/js/i18n/de.min.js"
  },
  "@/js/i18n/el.js": {
    "hashes": {
      "sha256": "yPLBjOGYvIxiISS+7UjVLUXJH3l2T6fzJOKHw6TGOhs=",
      "sha512": "uiTgLrghrQa/EFrTtAFnQh/kqbcJwRbtnT5o044zwP6rasDsFwwPopD6aHFHlqzAUsPfs+1k2Agj6VgtwRrx1A=="
    },
    "integrity": "sha256-yPLBjOGYvIxiISS+7UjVLUXJH3l2T6fzJOKHw6TGOhs= sha512-uiTgLrghrQa/EFrTtAFnQh/kqbcJwRbtnT5o044zwP6rasDsFwwPopD6aHFHlqzAUsPfs+1k2Agj6VgtwRrx1A==",
    "path": "/js/i18n/el.js"
  },
  "@/js/i18n/el.min.js": {
    "hashes": {
      "sha256": "Yqd/vml+HsHEVh7y8fuiUlwMxcAXOXEdYdh+YHCqZ+s=",
      "sha512": "R/HeCtZ8vjOcPsPwXFbEXQeUJCU4uGbfE5FchaG0003GpHwqWAsOTNEujE6EhErCOk8AEE6z+ZkA3QKYHkDuXg=="
    },
    "integrity": "sha256-Yqd/vml+HsHEVh7y8fuiUlwMxcAXOXEdYdh+YHCqZ+s= sha512-R/HeCtZ8vjOcPsPwXFbEXQeUJCU4uGbfE5FchaG0003GpHwqWAsOTNEujE6EhErCOk8AEE6z+ZkA3QKYHkDuXg==",
    "path": "/js/i18n/el.min.js"
  },
  "@/js/i18n/en.js": {
    "hashes": {
      "sha256": "d7mMIK1VWeMbcM/fibF+4I7F34eZd1z4hGwb9OzUAyc=",
      "sha512": "Xusfd0jfYLAWFI50T9iA2uwprRSv0TGD2DoY2sphdLP46hiAnCWL+1Nfk1csxuYH1SpQPC9gVsgRjHQK0ZNeag=="
    },
    "integrity": "sha256-d7mMIK1VWeMbcM/fibF+4I7F34eZd1z4hGwb9OzUAyc= sha512-Xusfd0jfYLAWFI50T9iA2uwprRSv0TGD2DoY2sphdLP46hiAnCWL+1Nfk1csxuYH1SpQPC9gVsgRjHQK0ZNeag==",
    "path": "/js/i18n/en.js"
  },
  "@/js/i18n/en.min.js": {
    "hashes": {
      "sha256": "MGGlQ0Jhy8ptFgqbTJC+oN8tfvyZRi7VhX5+xlZxMjM=",
      "sha512": "0/eVa7Zzm+BIBa3U0AjnlDY/J4cIOIlbCfOtWwfogep1yunF2J7z81wSILn76Q6i7HimfOVoQXIyOlvWGeHRIg=="
    },
    "integrity": "sha256-MGGlQ0Jhy8ptFgqbTJC+oN8tfvyZRi7VhX5+xlZxMjM= sha512-0/eVa7Zzm+BIBa3U0AjnlDY/J4cIOIlbCfOtWwfogep1yunF2J7z81wSILn76Q6i7HimfOVoQXIyOlvWGeHRIg==",
    "path": "/js/i18n/en.min.js"
  },
  "@/js/i18n/es.js": {
    "hashes": {
      "sha256": "VwYnLOpwoGyxtbbb6O7ggsfu6Po+6yos/OhEVq6Rzr4=",
      "sha512": "gngy237hM7SBzgiVNEBPfDrXvt3JKKCc4CNkgbu1mXOG4TuA+HOTCY2z1F6agQLDfEat+1pduhEd7PsmewGAJw=="
    },
    "integrity": "sha256-VwYnLOpwoGyxtbbb6O7ggsfu6Po+6yos/OhEVq6Rzr4= sha512-gngy237hM7SBzgiVNEBPfDrXvt3JKKCc4CNkgbu1mXOG4TuA+HOTCY2z1F6agQLDfEat+1pduhEd7PsmewGAJw==",
    "path": "/js/i18n/es.js"
  },
  "@/js/i18n/es.min.js": {
    "hashes": {
      "sha256": "6CX0dZhNwTFa5rhPVIMRS8Ytco58s2qaS+tyooBBmGk=",
      "sha512": "RLstPXrMNwE60had3CuIEg6hbyGpY6IhfU1CBg70gUWYWeVVmidtwueZJWH7WT51amk8xjF+XkDOlQJj6qWXwA=="
    },
    "integrity": "sha256-6CX0dZhNwTFa5rhPVIMRS8Ytco58s2qaS+tyooBBmGk= sha512-RLstPXrMNwE60had3CuIEg6hbyGpY6IhfU1CBg70gUWYWeVVmidtwueZJWH7WT51amk8xjF+XkDOlQJj6qWXwA==",
    "path": "/js/i18n/es.min.js"
  },
  "@/js/i18n/et.js": {
    "hashes": {
      "sha256": "u8fVSYFAmGvrr4OEozXjJXfxr8fxvZKtT1x9VM6HO4Y=",
      "sha512": "F1bgrRkgL6KgzP2dWQ51iyDIE2apAxn6L23Nmt2EWKve3BEZU7s+SNS61QAtD2k4MT5p2y6Ns2jxtpihrU8WAQ=="
    },
    "integrity": "sha256-u8fVSYFAmGvrr4OEozXjJXfxr8fxvZKtT1x9VM6HO4Y= sha512-F1bgrRkgL6KgzP2dWQ51iyDIE2apAxn6L23Nmt2EWKve3BEZU7s+SNS61QAtD2k4MT5p2y6Ns2jxtpihrU8WAQ==",
    "path": "/js/i18n/et.js"
  },
  "@/js/i18n/et.min.js": {
    "hashes": {
      "sha256": "q9e5M0h3NRYk4V82QJwcw6GXQVWjASUaWyuKLE7rGtc=",
      "sha512": "dNmlfULtqYbvZkfDhaGGar/U0wNB6DZiSEcK0t2fxz6gsu1amw5mzamjYxhyhCmLAwn5bbuEPVn0GUL8bGSPAg=="
    },
    "integrity": "sha256-q9e5M0h3NRYk4V82QJwcw6GXQVWjASUaWyuKLE7rGtc= sha512-dNmlfULtqYbvZkfDhaGGar/U0wNB6DZiSEcK0t2fxz6gsu1amw5mzamjYxhyhCmLAwn5bbuEPVn0GUL8bGSPAg==",
    "path": "/js/i18n/et.min.js"
  },
  "@/js/i18n/fr.js": {
    "hashes": {
      "sha256": "sRu35I7QXTkxlG8GwxlM0Zt5rMy6dLGhjPXMmG34UY8=",
      "sha512": "loGdCh1iVvrAwQS2tos3mqinEXSc2sn8s2O4vRT5vH7ht+WFks27gR7zQKNXFialbc9XtUjsmQDHDRaj3ZTtzw=="
    },
    "integrity": "sha256-sRu35I7QXTkxlG8GwxlM0Zt5rMy6dLGhjPXMmG34UY8= sha512-loGdCh1iVvrAwQS2tos3mqinEXSc2sn8s2O4vRT5vH7ht+WFks27gR7zQKNXFialbc9XtUjsmQDHDRaj3ZTtzw==",
    "path": "/js/i18n/fr.js"
  },
  "@/js/i18n/fr.min.js": {
    "hashes": {
      "sha256": "fv23pcWuKtswL451w82Wb3J8lfyWIM34LO/g96j7smo=",
      "sha512": "FG0Wr42pn8ggxnJVHBIRUMUUxFj2ypDwR03FRPRXCnuheAin2suJ2sNV4HENzHHWeAquZNPdNu3P5yVnIfkqUg=="
    },
    "integrity": "sha256-fv23pcWuKtswL451w82Wb3J8lfyWIM34LO/g96j7smo= sha512-FG0Wr42pn8ggxnJVHBIRUMUUxFj2ypDwR03FRPRXCnuheAin2suJ2sNV4HENzHHWeAquZNPdNu3P5yVnIfkqUg==",
    "path": "/js/i18n/fr.min.js"
  },
  "@/js/i18n/hi.js": {
    "hashes": {
      "sha256": "VDHQRk9XIueuiLAmEW5escADgm0CCVJ4nq6tUX/ivE8=",
      "sha512": "Z38wzMkxJdug/eBVB8BCl2cUfZhe0yOTmVzyHVglJY/U9Awz1TF21I2luRvsbEMOvVpsXn3kMXZTIrgzZXkGFQ=="
    },
    "integrity": "sha256-VDHQRk9XIueuiLAmEW5escADgm0CCVJ4nq6tUX/ivE8= sha512-Z38wzMkxJdug/eBVB8BCl2cUfZhe0yOTmVzyHVglJY/U9Awz1TF21I2luRvsbEMOvVpsXn3kMXZTIrgzZXkGFQ==",
    "path": "/js/i18n/hi.js"
  },
  "@/js/i18n/hi.min.js": {
    "hashes": {
      "sha256": "PAt2nGU3WyIK85Ob16ABi1PrbwtOTnqAgCeIjYOmiDE=",
      "sha512": "7G/eG4YcAhXoQTiWxpixv9u1HDaGfTOHciZ9yEyawDBsn11JMhjXHf4NryPfh4Lp6GjBa254WRUJLMmRZxU0VQ=="
    },
    "integrity": "sha256-PAt2nGU3WyIK85Ob16ABi1PrbwtOTnqAgCeIjYOmiDE= sha512-7G/eG4YcAhXoQTiWxpixv9u1HDaGfTOHciZ9yEyawDBsn11JMhjXHf4NryPfh4Lp6GjBa254WRUJLMmRZxU0VQ==",
    "path": "/js/i18n/hi.min.js"
  },
  "@/js/i18n/hu.js": {
    "hashes": {
      "sha256": "e7ZMgvp0ojd09kGGv6cI44RBoulj+kWUyyHyhoK+DBM=",
      "sha512": "l3HZd+3jBrOjOsXwnaUs5IWk2yDWp7Ar9MgIhKmJhWZfjROe0jop9/1lU9Qo/gHqIbc4mxsnR76gFtP3GYz9pg=="
    },
    "integrity": "sha256-e7ZMgvp0ojd09kGGv6cI44RBoulj+kWUyyHyhoK+DBM= sha512-l3HZd+3jBrOjOsXwnaUs5IWk2yDWp7Ar9MgIhKmJhWZfjROe0jop9/1lU9Qo/gHqIbc4mxsnR76gFtP3GYz9pg==",
    "path": "/js/i18n/hu.js"
  },
  "@/js/i18n/hu.min.js": {
    "hashes": {
      "sha256": "cI900YzAqoAxY+segB1mzhcCC9+TWwd1ShJVxv8T93s=",
      "sha512": "32vz1bdB6IMmPmgohFwTxn9DNAZMMeUDNKfT0LzuHK0iwsSl2shlLayllcang4AgzGynwP9TIg3OmYm8O2ydCg=="
    },
    "integrity": "sha256-cI900YzAqoAxY+segB1mzhcCC9+TWwd1ShJVxv8T93s= sha512-32vz1bdB6IMmPmgohFwTxn9DNAZMMeUDNKfT0LzuHK0iwsSl2shlLayllcang4AgzGynwP9TIg3OmYm8O2ydCg==",
    "path": "/js/i18n/hu.min.js"
  },
  "@/js/i18n/hy.js": {
    "hashes": {
      "sha256": "m1HS9YWIQ2g+fFl4D5+2LaGBdG8WkBGAnoah3qA+0AE=",
      "sha512": "uBiLC2zP4E7JAqqgqKtbuFSsZNpbxza83i57gyXleIg/DROg5X9cb/F92YerDuvCbLH0DBl/DXh+B050cZJT2A=="
    },
    "integrity": "sha256-m1HS9YWIQ2g+fFl4D5+2LaGBdG8WkBGAnoah3qA+0AE= sha512-uBiLC2zP4E7JAqqgqKtbuFSsZNpbxza83i57gyXleIg/DROg5X9cb/F92YerDuvCbLH0DBl/DXh+B050cZJT2A==",
    "path": "/js/i18n/hy.js"
  },
  "@/js/i18n/hy.min.js": {
    "hashes": {
      "sha256": "PAlVYmBJI6z5vLAjSYAk8yDmn4MYC9XTZ4chwN3n06A=",
      "sha512": "Z+fvFzEIORVvunLNgFqH9CkxjnRvwcMTDifM8OyWJ6BZ5OOvRJc1nrXZGanC6CrclHwfqAJXbQflop0SeENN2w=="
    },
    "integrity": "sha256-PAlVYmBJI6z5vLAjSYAk8yDmn4MYC9XTZ4chwN3n06A= sha512-Z+fvFzEIORVvunLNgFqH9CkxjnRvwcMTDifM8OyWJ6BZ5OOvRJc1nrXZGanC6CrclHwfqAJXbQflop0SeENN2w==",
    "path": "/js/i18n/hy.min.js"
  },
  "@/js/i18n/id.js": {
    "hashes": {
      "sha256": "hrOnEyCS/2nLo1AJLxcRjPnUR7YjVKN/ukavA+nZ2hA=",
      "sha512": "x7Hlu+HQE1LwBkUpwIX5OFVejRw9tZFFu/qt9VeD//fBGNUnx8e+ciYP6ARUP27rxurqoPx6maAYox7xiXsYwA=="
    },
    "integrity": "sha256-hrOnEyCS/2nLo1AJLxcRjPnUR7YjVKN/ukavA+nZ2hA= sha512-x7Hlu+HQE1LwBkUpwIX5OFVejRw9tZFFu/qt9VeD//fBGNUnx8e+ciYP6ARUP27rxurqoPx6maAYox7xiXsYwA==",
    "path": "/js/i18n/id.js"
  },
  "@/js/i18n/id.min.js": {
    "hashes": {
      "sha256": "seMW14gopfQfdevuX5zr+wJ2shdC36SQFpKFw2IHPJo=",
      "sha512": "LV7Z+xe3soPsDZtrx8/bi6xMhCqiQByd6RbJgKumZEb1dE0LJ2w/cVMaoMb4adyj3VmCaZnyBvB8B2PGk2B17A=="
    },
    "integrity": "sha256-seMW14gopfQfdevuX5zr+wJ2shdC36SQFpKFw2IHPJo= sha512-LV7Z+xe3soPsDZtrx8/bi6xMhCqiQByd6RbJgKumZEb1dE0LJ2w/cVMaoMb4adyj3VmCaZnyBvB8B2PGk2B17A==",
    "path": "/js/i18n/id.min.js"
  },
  "@/js/i18n/is.js": {
    "hashes": {
      "sha256": "LnMMixONGX03+/6NFMPfqIETT/F3w0BSRpVOvUqUO4A=",
      "sha512": "/SOjdhKGicvzukaq4z6ljflVyfpvD012oHLscDgFP/c69IsKzqhjtbW454wc8V42uac5kvqHfcDAYnpYX8I+5w=="
    },
    "integrity": "sha256-LnMMixONGX03+/6NFMPfqIETT/F3w0BSRpVOvUqUO4A= sha512-/SOjdhKGicvzukaq4z6ljflVyfpvD012oHLscDgFP/c69IsKzqhjtbW454wc8V42uac5kvqHfcDAYnpYX8I+5w==",
    "path": "/js/i18n/is.js"
  },
  "@/js/i18n/is.min.js": {
    "hashes": {
      "sha256": "NRe2FaiVTL76xl0wOWfvx3ckekHOw6VJ8qnYBzAQGe0=",
      "sha512": "H6dPV7P9V1ejyl8g9/3B+rvSAnkmUaj/DCzV1gay0QsFYF+92XiZ/n9JO/GCkM4tpM+rPgMNb8zeea7fFwa8og=="
    },
    "integrity": "sha256-NRe2FaiVTL76xl0wOWfvx3ckekHOw6VJ8qnYBzAQGe0= sha512-H6dPV7P9V1ejyl8g9/3B+rvSAnkmUaj/DCzV1gay0QsFYF+92XiZ/n9JO/GCkM4tpM+rPgMNb8zeea7fFwa8og==",
    "path": "/js/i18n/is.min.js"
  },
  "@/js/i18n/it.js": {
    "hashes": {
      "sha256": "2N3AHjdcPmGIOkFsvtdrH2JYSTMBHPIZpc1fy4LTauI=",
      "sha512": "G3mihxAvVOmrm/2gq06PHj3te2IZu79iTtO6y7/DHWEfWIey4gVJugbidofsoB0Etr48DX8XqBWjjvUGWsgWXw=="
    },
    "integrity": "sha256-2N3AHjdcPmGIOkFsvtdrH2JYSTMBHPIZpc1fy4LTauI= sha512-G3mihxAvVOmrm/2gq06PHj3te2IZu79iTtO6y7/DHWEfWIey4gVJugbidofsoB0Etr48DX8XqBWjjvUGWsgWXw==",
    "path": "/js/i18n/it.js"
  },
  "@/js/i18n/it.min.js": {
    "hashes": {
      "sha256": "2BfC8ulwBf9U2uBzcb0fGcgBu8xAKDuD9Z5LbMyMIbQ=",
      "sha512": "JfeLFaH1xglhmQqqrmso0edzD2eZ4sVEnu7pL1UPNfE2U3LRXTV+IQN2+eNwAZVMSeQObNplNLCWHfnj1n5low=="
    },
    "integrity": "sha256-2BfC8ulwBf9U2uBzcb0fGcgBu8xAKDuD9Z5LbMyMIbQ= sha512-JfeLFaH1xglhmQqqrmso0edzD2eZ4sVEnu7pL1UPNfE2U3LRXTV+IQN2+eNwAZVMSeQObNplNLCWHfnj1n5low==",
    "path": "/js/i18n/it.min.js"
  },
  "@/js/i18n/iu.js": {
    "hashes": {
      "sha256": "yJXVoaovy8P56L6/Kxr8/3exaH/m8F338nVbVFzwWl8=",
      "sha512": "+kKvtsB3NPcEzPnVDLUXznRKgkHHkzLBZr6VTMjwwipWbGBBRJm0zDq7PStztVtHGJVcqPpl8gWzrcCOPZqRGg=="
    },
    "integrity": "sha256-yJXVoaovy8P56L6/Kxr8/3exaH/m8F338nVbVFzwWl8= sha512-+kKvtsB3NPcEzPnVDLUXznRKgkHHkzLBZr6VTMjwwipWbGBBRJm0zDq7PStztVtHGJVcqPpl8gWzrcCOPZqRGg==",
    "path": "/js/i18n/iu.js"
  },
  "@/js/i18n/iu.min.js": {
    "hashes": {
      "sha256": "P8zWdsuct/WdPk2QETYYpWepwRUYAd/RBkufkrP+8Ts=",
      "sha512": "77cckfpW6cKHMy/dtPOU/HX1XzT3/EYYE1gbfGRlA7rbzUc+frDkwERFMozAhMJBYDGoZFYu/nOVzuCCIfi4Og=="
    },
    "integrity": "sha256-P8zWdsuct/WdPk2QETYYpWepwRUYAd/RBkufkrP+8Ts= sha512-77cckfpW6cKHMy/dtPOU/HX1XzT3/EYYE1gbfGRlA7rbzUc+frDkwERFMozAhMJBYDGoZFYu/nOVzuCCIfi4Og==",
    "path": "/js/i18n/iu.min.js"
  },
  "@/js/i18n/ja.js": {
    "hashes": {
      "sha256": "V9WotQWQEOwZW9Mr2TJZApt5LOcnCWzOqXc19Na6mSI=",
      "sha512": "L1KO1oVrzNJn5Jyq/EfVpAMznmpb5OOeEdpr74Th7CpCc9XLXcaMA7RJSEojRW0kE0JIS/en5sAbCluTWf44oQ=="
    },
    "integrity": "sha256-V9WotQWQEOwZW9Mr2TJZApt5LOcnCWzOqXc19Na6mSI= sha512-L1KO1oVrzNJn5Jyq/EfVpAMznmpb5OOeEdpr74Th7CpCc9XLXcaMA7RJSEojRW0kE0JIS/en5sAbCluTWf44oQ==",
    "path": "/js/i18n/ja.js"
  },
  "@/js/i18n/ja.min.js": {
    "hashes": {
      "sha256": "DIPUVF2T4E8rZloXhkqhRnUGqFbPFG5bn/3uhbDKND4=",
      "sha512": "z/PnYzAPIYZfWJaZlUVAsmXy4cgr/hd37VLd6WPaSLkbkgCgn3s14sIPEJKl1auSpObOjBvBsskxgxked0H6hg=="
    },
    "integrity": "sha256-DIPUVF2T4E8rZloXhkqhRnUGqFbPFG5bn/3uhbDKND4= sha512-z/PnYzAPIYZfWJaZlUVAsmXy4cgr/hd37VLd6WPaSLkbkgCgn3s14sIPEJKl1auSpObOjBvBsskxgxked0H6hg==",
    "path": "/js/i18n/ja.min.js"
  },
  "@/js/i18n/ko.js": {
    "hashes": {
      "sha256": "x8+R1bQT74ImChZ3kIdHmYKNVxLVHVL9h8Z7miWpiZo=",
      "sha512": "JfOy6TBqkgTm+METr1VTid04fkG2hH3MGZsNRxkLU2vszO5BybDLpzqONgUVJ2Ng4SSYVwawp2o2zhazYBbfUQ=="
    },
    "integrity": "sha256-x8+R1bQT74ImChZ3kIdHmYKNVxLVHVL9h8Z7miWpiZo= sha512-JfOy6TBqkgTm+METr1VTid04fkG2hH3MGZsNRxkLU2vszO5BybDLpzqONgUVJ2Ng4SSYVwawp2o2zhazYBbfUQ==",
    "path": "/js/i18n/ko.js"
  },
  "@/js/i18n/ko.min.js": {
    "hashes": {
      "sha256": "gJZvZ0OG5M5cnqV4dRXl1li54UVicE84tDbcDhQdJ/0=",
      "sha512": "dSjPGDCGFCxV/jARZSQLxqNGJhJLCg8jwnhs3/nwqFbJcIVcYpIuqxT/cF4XZYf0sRXRqQdUt1mAnvqjCx+Tpw=="
    },
    "integrity": "sha256-gJZvZ0OG5M5cnqV4dRXl1li54UVicE84tDbcDhQdJ/0= sha512-dSjPGDCGFCxV/jARZSQLxqNGJhJLCg8jwnhs3/nwqFbJcIVcYpIuqxT/cF4XZYf0sRXRqQdUt1mAnvqjCx+Tpw==",
    "path": "/js/i18n/ko.min.js"
  },
  "@/js/i18n/lt.js": {
    "hashes": {
      "sha256": "dnDTmM+YTC6Q3gIU5vze6/WB9l+jLx9UeZ82ec66Zkg=",
      "sha512": "K1eAquCk509De3LVYPTipkXjpndd4QQugYx9X1SrhMAFtZulydGdIUHjPehuSvu7O5JYARkVCsmPzUrLy7fMIQ=="
    },
    "integrity": "sha256-dnDTmM+YTC6Q3gIU5vze6/WB9l+jLx9UeZ82ec66Zkg= sha512-K1eAquCk509De3LVYPTipkXjpndd4QQugYx9X1SrhMAFtZulydGdIUHjPehuSvu7O5JYARkVCsmPzUrLy7fMIQ==",
    "path": "/js/i18n/lt.js"
  },
  "@/js/i18n/lt.min.js": {
    "hashes": {
      "sha256": "U4kYqMIKCOmjhL8VlAG42Mk885EnUEDTxTFEgc4B+Bc=",
      "sha512": "GRMumTSFX3GK954w1j6FbgTl6rmEfTsf1metvg9MgGfTggTjd4hAb2qZ5rw2nHtwfA/bMr/AGy4gjwNLzOv82Q=="
    },
    "integrity": "sha256-U4kYqMIKCOmjhL8VlAG42Mk885EnUEDTxTFEgc4B+Bc= sha512-GRMumTSFX3GK954w1j6FbgTl6rmEfTsf1metvg9MgGfTggTjd4hAb2qZ5rw2nHtwfA/bMr/AGy4gjwNLzOv82Q==",
    "path": "/js/i18n/lt.min.js"
  },
  "@/js/i18n/lv.js": {
    "hashes": {
      "sha256": "ekLKPSyePrzxhDkw1MPeBC3qFClqJvMnWpweTU/vM7M=",
      "sha512": "IYCKVPRLy9vGC3AVvYSwturGXaQrB/pVObUDl0EtzHVXrp093VbP3CUs9TXP8noZUXBgwtKCtg29H0DkcwS0ow=="
    },
    "integrity": "sha256-ekLKPSyePrzxhDkw1MPeBC3qFClqJvMnWpweTU/vM7M= sha512-IYCKVPRLy9vGC3AVvYSwturGXaQrB/pVObUDl0EtzHVXrp093VbP3CUs9TXP8noZUXBgwtKCtg29H0DkcwS0ow==",
    "path": "/js/i18n/lv.js"
  },
  "@/js/i18n/lv.min.js": {
    "hashes": {
      "sha256": "93MiX0LgNHs4rRuTEetAUrw6TB90XY6iuLpGdbP3jWM=",
      "sha512": "PQ7m4fg3IGqecWS9geJ8MYOtFa2tTFZCjKmsTvgoGINgcBkt3QGo/JBphx3TZB1sYnttw+LW15um4JFelJphig=="
    },
    "integrity": "sha256-93MiX0LgNHs4rRuTEetAUrw6TB90XY6iuLpGdbP3jWM= sha512-PQ7m4fg3IGqecWS9geJ8MYOtFa2tTFZCjKmsTvgoGINgcBkt3QGo/JBphx3TZB1sYnttw+LW15um4JFelJphig==",
    "path": "/js/i18n/lv.min.js"
  },
  "@/js/i18n/nl.js": {
    "hashes": {
      "sha256": "360AZ4/ALd9rML8rI2s8sGbjN7jxHX+MmM/1638d/O8=",
      "sha512": "QMpOcvZl1oTtsxmniAEhH+AaMTStMqwU0lQSL9yqg64Dz+sdbXWyS+gbFt/N97vAMnm1gz7c/JNFd32fgQgPDQ=="
    },
    "integrity": "sha256-360AZ4/ALd9rML8rI2s8sGbjN7jxHX+MmM/1638d/O8= sha512-QMpOcvZl1oTtsxmniAEhH+AaMTStMqwU0lQSL9yqg64Dz+sdbXWyS+gbFt/N97vAMnm1gz7c/JNFd32fgQgPDQ==",
    "path": "/js/i18n/nl.js"
  },
  "@/js/i18n/nl.min.js": {
    "hashes": {
      "sha256": "35mZC9y5/veck8V0MNE781tI5xFLBhD0Jrj8CnCcqR8=",
      "sha512": "ooP+Q/L+BSs28/EAwFYGap6fYXn4Q+Vp58Wg6RaU9Zztj2ntOLFmMbxIIIUPSgxKI3j+/VOOgp7T9GjLg5qxig=="
    },
    "integrity": "sha256-35mZC9y5/veck8V0MNE781tI5xFLBhD0Jrj8CnCcqR8= sha512-ooP+Q/L+BSs28/EAwFYGap6fYXn4Q+Vp58Wg6RaU9Zztj2ntOLFmMbxIIIUPSgxKI3j+/VOOgp7T9GjLg5qxig==",
    "path": "/js/i18n/nl.min.js"
  },
  "@/js/i18n/pl.js": {
    "hashes": {
      "sha256": "SZU4k3NZY2XSuGMXZOVJ3mWsTyxbEhx4Z0OMPtYI5JY=",
      "sha512": "8H+npSPXrvE6wzzxHXdcAtpI4OKjR9DWeu0DJxPOSb3IdF6/+rD3xEe9aqYHin2sXw3jzoe3/eQRuCYdItd6wA=="
    },
    "integrity": "sha256-SZU4k3NZY2XSuGMXZOVJ3mWsTyxbEhx4Z0OMPtYI5JY= sha512-8H+npSPXrvE6wzzxHXdcAtpI4OKjR9DWeu0DJxPOSb3IdF6/+rD3xEe9aqYHin2sXw3jzoe3/eQRuCYdItd6wA==",
    "path": "/js/i18n/pl.js"
  },
  "@/js/i18n/pl.min.js": {
    "hashes": {
      "sha256": "ENyFJiIOA0VUy3BhluMvtzA+OcpISFBXh8VHp68BJ84=",
      "sha512": "y+8/K/RqA2l69Z2mKUMTNg2Fot8bizyBBgAk/rIByCsFSdIbDFQ6lH1k8e3iCAwSa9IZVwp/5yZ16cMs7d320g=="
    },
    "integrity": "sha256-ENyFJiIOA0VUy3BhluMvtzA+OcpISFBXh8VHp68BJ84= sha512-y+8/K/RqA2l69Z2mKUMTNg2Fot8bizyBBgAk/rIByCsFSdIbDFQ6lH1k8e3iCAwSa9IZVwp/5yZ16cMs7d320g==",
    "path": "/js/i18n/pl.min.js"
  },
  "@/js/i18n/pt-BR.js": {
    "hashes": {
      "sha256": "jHLDilgJ8tIC56Pw1rj7xIHfSj4djtFZxQ/B0Skqo1M=",
      "sha512": "IFZK5BGvJ6DQEo2nwzq+13eGT3S0YzRVjKFzCHQRP9ipYlxWdaSsYuNrIEELv8JDfFnYQsDZ4I+ZzlXxyga2GA=="
    },
    "integrity": "sha256-jHLDilgJ8tIC56Pw1rj7xIHfSj4djtFZxQ/B0Skqo1M= sha512-IFZK5BGvJ6DQEo2nwzq+13eGT3S0YzRVjKFzCHQRP9ipYlxWdaSsYuNrIEELv8JDfFnYQsDZ4I+ZzlXxyga2GA==",
    "path": "/js/i18n/pt-BR.js"
  },
  "@/js/i18n/pt-BR.min.js": {
    "hashes": {
      "sha256": "Og2pR4HsFkE0Y5VplZW0nYE8S7TLGE6govgJF4Tjv00=",
      "sha512": "nkPjt3/AAmWKJ7/qO3dcV10oLdt/h3hWN4sMEMY9dT0u8oJRKm3wZhJc6mMFCpNnz2iTvyewVxwpvgJV1itLJg=="
    },
    "integrity": "sha256-Og2pR4HsFkE0Y5VplZW0nYE8S7TLGE6govgJF4Tjv00= sha512-nkPjt3/AAmWKJ7/qO3dcV10oLdt/h3hWN4sMEMY9dT0u8oJRKm3wZhJc6mMFCpNnz2iTvyewVxwpvgJV1itLJg==",
    "path": "/js/i18n/pt-BR.min.js"
  },
  "@/js/i18n/pt.js": {
    "hashes": {
      "sha256": "ZmB+Jy6jvojZUUk/5gO22My1hDkRPmdCUQMjze7fvBg=",
      "sha512": "J05gyPbG+aKIsUBV+cJUBZsDxPRh0KygQWNR/vJGPp8kgTfK1tk8EXeVRyuLUsmBFrknkof73FDVcFqCCHWfyw=="
    },
    "integrity": "sha256-ZmB+Jy6jvojZUUk/5gO22My1hDkRPmdCUQMjze7fvBg= sha512-J05gyPbG+aKIsUBV+cJUBZsDxPRh0KygQWNR/vJGPp8kgTfK1tk8EXeVRyuLUsmBFrknkof73FDVcFqCCHWfyw==",
    "path": "/js/i18n/pt.js"
  },
  "@/js/i18n/pt.min.js": {
    "hashes": {
      "sha256": "GAOMk0AM15w0XpVGND64AdMkfc4mL5PXdYQtJMdeQsw=",
      "sha512": "t+SAPlz024rZmixoAQExo89Y2D+tbFMlKg4sLTis07NPzrJf3nUzb6J11c29RY7Ie1/bHlQSRuOGUfvTx6nesw=="
    },
    "integrity": "sha256-GAOMk0AM15w0XpVGND64AdMkfc4mL5PXdYQtJMdeQsw= sha512-t+SAPlz024rZmixoAQExo89Y2D+tbFMlKg4sLTis07NPzrJf3nUzb6J11c29RY7Ie1/bHlQSRuOGUfvTx6nesw==",
    "path": "/js/i18n/pt.min.js"
  },
  "@/js/i18n/ru.js": {
    "hashes": {
      "sha256": "gLrX2M247xTbWGt7CLYVuW1mICCwxoqr0kEbLnKS/IA=",
      "sha512": "xxI6L19qJPtyeAkr/sLluYwU2Rx5qokViO/89cGe+y/c2KPyo/9eAv4SCT09y4ESYpO54OP2sDxCXriIIMJoWw=="
    },
    "integrity": "sha256-gLrX2M247xTbWGt7CLYVuW1mICCwxoqr0kEbLnKS/IA= sha512-xxI6L19qJPtyeAkr/sLluYwU2Rx5qokViO/89cGe+y/c2KPyo/9eAv4SCT09y4ESYpO54OP2sDxCXriIIMJoWw==",
    "path": "/js/i18n/ru.js"
  },
  "@/js/i18n/ru.min.js": {
    "hashes": {
      "sha256": "yt9QvTLpbP7B0VMlJ7l9x1vQ4wbcag8dLpv65EZ7fz4=",
      "sha512": "0FA3n/hDqf1oEg4anFDwP1DC37+ARuISlEAlOn4PkFahRSVcNu1eG711S+iFheyEomSvSL5ZxR8tfPXB7w5yew=="
    },
    "integrity": "sha256-yt9QvTLpbP7B0VMlJ7l9x1vQ4wbcag8dLpv65EZ7fz4= sha512-0FA3n/hDqf1oEg4anFDwP1DC37+ARuISlEAlOn4PkFahRSVcNu1eG711S+iFheyEomSvSL5ZxR8tfPXB7w5yew==",
    "path": "/js/i18n/ru.min.js"
  },
  "@/js/i18n/sk.js": {
    "hashes": {
      "sha256": "ztgiJh/7K1GtW7OeVDei00Fd39U+9DyVNzrrEkuDtwU=",
      "sha512": "aesCvvdqYEpwCEQIUc1zUdcVVdKVE0HRtNMMJTzi6Wx8Wzhb+0W7F8A3+m05QNdFK9YDHjTPUF1nQUEHqphdVA=="
    },
    "integrity": "sha256-ztgiJh/7K1GtW7OeVDei00Fd39U+9DyVNzrrEkuDtwU= sha512-aesCvvdqYEpwCEQIUc1zUdcVVdKVE0HRtNMMJTzi6Wx8Wzhb+0W7F8A3+m05QNdFK9YDHjTPUF1nQUEHqphdVA==",
    "path": "/js/i18n/sk.js"
  },
  "@/js/i18n/sk.min.js": {
    "hashes": {
      "sha256": "ZnZiIeqWGkgr/PycjmVuAyBm2W71spEv0MevTZoKvnA=",
      "sha512": "jglkKeIrMtWglzsotunKyuVT1YbdEsJQS19p4K+kBZrwH+l/K+EqJYaQ24AyRPZeNN4Fh5IvEllU2Y0GYg4c9A=="
    },
    "integrity": "sha256-ZnZiIeqWGkgr/PycjmVuAyBm2W71spEv0MevTZoKvnA= sha512-jglkKeIrMtWglzsotunKyuVT1YbdEsJQS19p4K+kBZrwH+l/K+EqJYaQ24AyRPZeNN4Fh5IvEllU2Y0GYg4c9A==",
    "path": "/js/i18n/sk.min.js"
  },
  "@/js/i18n/sq.js": {
    "hashes": {
      "sha256": "a7A/OOrQ5IkpaMd5oceGqdM5c8a5aY2iMXORn+GRnes=",
      "sha512": "5H/uleDqjTX7TmxVAR04WTEu7RCytmfTcPac2+fs0NX9okxVP+c/3uU2yN0g3TiZR1sAO9mTDTVUJMEP1YgLrw=="
    },
    "integrity": "sha256-a7A/OOrQ5IkpaMd5oceGqdM5c8a5aY2iMXORn+GRnes= sha512-5H/uleDqjTX7TmxVAR04WTEu7RCytmfTcPac2+fs0NX9okxVP+c/3uU2yN0g3TiZR1sAO9mTDTVUJMEP1YgLrw==",
    "path": "/js/i18n/sq.js"
  },
  "@/js/i18n/sq.min.js": {
    "hashes": {
      "sha256": "Y5RekjbPobBaIc4J4BxsDuwYWWfOd2GD1YkAGmIX15M=",
      "sha512": "UChgyt0z89DN/nKRJmHwDvOOrXDH1nzhe1FBO/ClruG3xJUCsM9zTcHNsL98khYG85ZJzjaKV2VeBlhKgVRLkQ=="
    },
    "integrity": "sha256-Y5RekjbPobBaIc4J4BxsDuwYWWfOd2GD1YkAGmIX15M= sha512-UChgyt0z89DN/nKRJmHwDvOOrXDH1nzhe1FBO/ClruG3xJUCsM9zTcHNsL98khYG85ZJzjaKV2VeBlhKgVRLkQ==",
    "path": "/js/i18n/sq.min.js"
  },
  "@/js/i18n/th.js": {
    "hashes": {
      "sha256": "JjcK8Ie4RjFUUbcNufphF16i+r8YGr/1aqoKdGJpCeE=",
      "sha512": "KQX4ftV4G7wgn9iBKLW8+az2xUAeRRQijCgQP5c6x6QLVVRkjb4xQg4S6+LboL1ZcV+2GbyTVvwvkeX5pDz+ZQ=="
    },
    "integrity": "sha256-JjcK8Ie4RjFUUbcNufphF16i+r8YGr/1aqoKdGJpCeE= sha512-KQX4ftV4G7wgn9iBKLW8+az2xUAeRRQijCgQP5c6x6QLVVRkjb4xQg4S6+LboL1ZcV+2GbyTVvwvkeX5pDz+ZQ==",
    "path": "/js/i18n/th.js"
  },
  "@/js/i18n/th.min.js": {
    "hashes": {
      "sha256": "0FeWyzlbmfmq2OJPGTqovkDkT6XWrJL99j2qNpNuCIQ=",
      "sha512": "G8xnWTvbSpHqhsCQMVRx/o2LTfIIOd8Oyo3RwDMJgY7tJ4/5Kfl+ZkcGC0LSAUamPQ9r58H7lXXeUEtHuyRoLQ=="
    },
    "integrity": "sha256-0FeWyzlbmfmq2OJPGTqovkDkT6XWrJL99j2qNpNuCIQ= sha512-G8xnWTvbSpHqhsCQMVRx/o2LTfIIOd8Oyo3RwDMJgY7tJ4/5Kfl+ZkcGC0LSAUamPQ9r58H7lXXeUEtHuyRoLQ==",
    "path": "/js/i18n/th.min.js"
  },
  "@/js/i18n/tr.js": {
    "hashes": {
      "sha256": "5km1OiZ2JIsrHOr1xfSy2opz6rbGfWPH8yng+vA+OgE=",
      "sha512": "RTzdRjPwV2hY/ntYG0DpMs4NUlvDpA8a5sXUMOc1SjAX2Ayjqk2IrXgnge6hym7I6rt4AUUjp1DSKiqeLrbGNA=="
    },
    "integrity": "sha256-5km1OiZ2JIsrHOr1xfSy2opz6rbGfWPH8yng+vA+OgE= sha512-RTzdRjPwV2hY/ntYG0DpMs4NUlvDpA8a5sXUMOc1SjAX2Ayjqk2IrXgnge6hym7I6rt4AUUjp1DSKiqeLrbGNA==",
    "path": "/js/i18n/tr.js"
  },
  "@/js/i18n/tr.min.js": {
    "hashes": {
      "sha256": "Bp4T1LvlgtItKXcZzV6c07u0NvuwKsx9zYisp84snRs=",
      "sha512": "KNuJjGx/VAcw9YR4NQd2q/iIYkrE79CatqPXU85JqOUKFGBbm+GJCSBAjQAyZnwBNGeaTS/8StrToSv87AyvUA=="
    },
    "integrity": "sha256-Bp4T1LvlgtItKXcZzV6c07u0NvuwKsx9zYisp84snRs= sha512-KNuJjGx/VAcw9YR4NQd2q/iIYkrE79CatqPXU85JqOUKFGBbm+GJCSBAjQAyZnwBNGeaTS/8StrToSv87AyvUA==",
    "path": "/js/i18n/tr.min.js"
  },
  "@/js/i18n/uk.js": {
    "hashes": {
      "sha256": "vx+3mTCu2FfpMRPdwDg52CkVj8Q0wOm4F3MbQBNb+eM=",
      "sha512": "sN7U0gcE3chpP1b/f1mXnNhdlA3nIb8xbSXxF5z0sO8E3Er0SDqDZqK7zlSBEQ6/5LPBraO0Z9Qv6IE/6mmFkg=="
    },
    "integrity": "sha256-vx+3mTCu2FfpMRPdwDg52CkVj8Q0wOm4F3MbQBNb+eM= sha512-sN7U0gcE3chpP1b/f1mXnNhdlA3nIb8xbSXxF5z0sO8E3Er0SDqDZqK7zlSBEQ6/5LPBraO0Z9Qv6IE/6mmFkg==",
    "path": "/js/i18n/uk.js"
  },
  "@/js/i18n/uk.min.js": {
    "hashes": {
      "sha256": "AgcFhtfQ1/+SeVYHmquJE31MBSdXPmKdn8d67DT0kTo=",
      "sha512": "Csa58qL1KadFK/XkmHVgKs9ZCOa7+iZZBmITNh3FNkr+cEm2PTqaCR/RsBS5e2LG/X6UngtfTpkUYaLufVKE3g=="
    },
    "integrity": "sha256-AgcFhtfQ1/+SeVYHmquJE31MBSdXPmKdn8d67DT0kTo= sha512-Csa58qL1KadFK/XkmHVgKs9ZCOa7+iZZBmITNh3FNkr+cEm2PTqaCR/RsBS5e2LG/X6UngtfTpkUYaLufVKE3g==",
    "path": "/js/i18n/uk.min.js"
  },
  "@/js/i18n/vi.js": {
    "hashes": {
      "sha256": "9VHtZkWWmyJjqx7aCTHmRSxjEkbIOh6P8JqdWLv/QDg=",
      "sha512": "CIvzKDox4xXuyte7NsflkoItN96RijdqBs6vayZCJR7LDS9d8fGgR4KHdTF8cxcNGad6x4Cs3bEPrqCawfMrQw=="
    },
    "integrity": "sha256-9VHtZkWWmyJjqx7aCTHmRSxjEkbIOh6P8JqdWLv/QDg= sha512-CIvzKDox4xXuyte7NsflkoItN96RijdqBs6vayZCJR7LDS9d8fGgR4KHdTF8cxcNGad6x4Cs3bEPrqCawfMrQw==",
    "path": "/js/i18n/vi.js"
  },
  "@/js/i18n/vi.min.js": {
    "hashes": {
      "sha256": "V7OERRzFwY50yi3HQFPYOfRk92VIXKHqSOwtbtXSGeI=",
      "sha512": "3AjjW7Q1p5Tto/bZszKZZ/iiB/3nNV1o5m6eTmt8piahE4MG2Eyai3DoMN1ZbTo2Y1LzqAh/9BdSC7I5ToN9BQ=="
    },
    "integrity": "sha256-V7OERRzFwY50yi3HQFPYOfRk92VIXKHqSOwtbtXSGeI= sha512-3AjjW7Q1p5Tto/bZszKZZ/iiB/3nNV1o5m6eTmt8piahE4MG2Eyai3DoMN1ZbTo2Y1LzqAh/9BdSC7I5ToN9BQ==",
    "path": "/js/i18n/vi.min.js"
  },
  "@/js/i18n/zh-Hans.js": {
    "hashes": {
      "sha256": "YM3HDO4+aRVOy18gh2zyDXadZu8+Hsl74v3jDGMf/dY=",
      "sha512": "lt4KM8lXxF9vrWutwY9cFZknEdF1ON4WBtwx8rlPAwjXZVaBcO9DuT5FCpn47n8Q1F9ftSckSosdZ+ykss9M0Q=="
    },
    "integrity": "sha256-YM3HDO4+aRVOy18gh2zyDXadZu8+Hsl74v3jDGMf/dY= sha512-lt4KM8lXxF9vrWutwY9cFZknEdF1ON4WBtwx8rlPAwjXZVaBcO9DuT5FCpn47n8Q1F9ftSckSosdZ+ykss9M0Q==",
    "path": "/js/i18n/zh-Hans.js"
  },
  "@/js/i18n/zh-Hans.min.js": {
    "hashes": {
      "sha256": "4DQIlm5ayhCMmr/bPV0srpaYglUXH2esl6XTMZGaCbg=",
      "sha512": "neT75oVb7IHit2py+l4oTvtsp29iQ34heXt9l10YmVOkV5Rd6xMx/aAM46875bFVTukrk+GCDGy055xxQgBsew=="
    },
    "integrity": "sha256-4DQIlm5ayhCMmr/bPV0srpaYglUXH2esl6XTMZGaCbg= sha512-neT75oVb7IHit2py+l4oTvtsp29iQ34heXt9l10YmVOkV5Rd6xMx/aAM46875bFVTukrk+GCDGy055xxQgBsew==",
    "path": "/js/i18n/zh-Hans.min.js"
  },
  "@/js/i18n/zh.js": {
    "hashes": {
      "sha256": "1vvXc9fdHdWDQCKzND/V5Gwcrgmopz+wKfUYmAFXTus=",
      "sha512": "Is9xN8v1otDco6ltThEygIAH3kAl+meunBgEBcPWBfnW0s+2sMFhO95XHwoQ5Z3wPNLf8Rwr78ii7wG6dTC2Pw=="
    },
    "integrity": "sha256-1vvXc9fdHdWDQCKzND/V5Gwcrgmopz+wKfUYmAFXTus= sha512-Is9xN8v1otDco6ltThEygIAH3kAl+meunBgEBcPWBfnW0s+2sMFhO95XHwoQ5Z3wPNLf8Rwr78ii7wG6dTC2Pw==",
    "path": "/js/i18n/zh.js"
  },
  "@/js/i18n/zh.min.js": {
    "hashes": {
      "sha256": "qbV7qcUw9Wf+W3R2QjM16xyhJ2ip4eTtzzb57yP9yrs=",
      "sha512": "sIddpkmC8O7sR7aaUYUfV7BOI33wdB9+t3jXzFezw68ED7+oGpLaX1PRp5hujELE7A+8P8UXUIap3hQ8EN8ACA=="
    },
    "integrity": "sha256-qbV7qcUw9Wf+W3R2QjM16xyhJ2ip4eTtzzb57yP9yrs= sha512-sIddpkmC8O7sR7aaUYUfV7BOI33wdB9+t3jXzFezw68ED7+oGpLaX1PRp5hujELE7A+8P8UXUIap3hQ8EN8ACA==",
    "path": "/js/i18n/zh.min.js"
  },
  "@/js/ie8-wet-boew.js": {
    "hashes": {
      "sha256": "RClel+jBwHYTukz3PYgsHEuACUJ9SbBEDyd56KtW1C4=",
      "sha512": "Q394uHOhBPkKRp/v1+VRrfUuq/2aGBcEoeKYt58jOrR+iv10n8ACYiKPdjht+TVUJAsSGqyNaYcaFnA4P3AdKA=="
    },
    "integrity": "sha256-RClel+jBwHYTukz3PYgsHEuACUJ9SbBEDyd56KtW1C4= sha512-Q394uHOhBPkKRp/v1+VRrfUuq/2aGBcEoeKYt58jOrR+iv10n8ACYiKPdjht+TVUJAsSGqyNaYcaFnA4P3AdKA==",
    "path": "/js/ie8-wet-boew.js"
  },
  "@/js/ie8-wet-boew.min.js": {
    "hashes": {
      "sha256": "8TFDrrtU6ahpXjbPEfRLxwjAmw3U/PU2z5GucubFiWQ=",
      "sha512": "VWovpbUKtXtUl1BbSpeBO7L+x9bVZKCkr9p2/h84gVrPA2mBJ2Y5OJLATjGu98IO2HlRirLZK3wVamuAGJymNw=="
    },
    "integrity": "sha256-8TFDrrtU6ahpXjbPEfRLxwjAmw3U/PU2z5GucubFiWQ= sha512-VWovpbUKtXtUl1BbSpeBO7L+x9bVZKCkr9p2/h84gVrPA2mBJ2Y5OJLATjGu98IO2HlRirLZK3wVamuAGJymNw==",
    "path": "/js/ie8-wet-boew.min.js"
  },
  "@/js/ie8-wet-boew2.js": {
    "hashes": {
      "sha256": "kGnDhbTjyheI2FYFtVMggucJ/1Xmy9Vqm9LzNKkW5VE=",
      "sha512": "v9zOO/yRX6KfdoZo4DBqOo9DBc2dMC42J0F2ij2kjTWORrUuB0ts5vs/0UIfHjkBz6GjULalPEeJfajEPNSWmg=="
    },
    "integrity": "sha256-kGnDhbTjyheI2FYFtVMggucJ/1Xmy9Vqm9LzNKkW5VE= sha512-v9zOO/yRX6KfdoZo4DBqOo9DBc2dMC42J0F2ij2kjTWORrUuB0ts5vs/0UIfHjkBz6GjULalPEeJfajEPNSWmg==",
    "path": "/js/ie8-wet-boew2.js"
  },
  "@/js/ie8-wet-boew2.min.js": {
    "hashes": {
      "sha256": "FN6pbxaZ2nWVAklotjYKnOcvc3nwijji5u0w7oFD95c=",
      "sha512": "O95u5KiG2a1e5XuqPEcj/GYRATnPM+lqaR1cEPqWsNd046GlH6ZnWfroez7UXbXnsSgy7cKH5QRQP127YFfuNA=="
    },
    "integrity": "sha256-FN6pbxaZ2nWVAklotjYKnOcvc3nwijji5u0w7oFD95c= sha512-O95u5KiG2a1e5XuqPEcj/GYRATnPM+lqaR1cEPqWsNd046GlH6ZnWfroez7UXbXnsSgy7cKH5QRQP127YFfuNA==",
    "path": "/js/ie8-wet-boew2.min.js"
  },
  "@/js/jquery/1.11.1/jquery.js": {
    "hashes": {
      "sha256": "MCmDSoIMecFUw3f1LicZ/D/yonYAoHrgiep/3pCH9rw=",
      "sha512": "eKwZNCvuOhxcqGTXAudC9WH2KUKf8Id1cqNoMc6DKZuN8upL22xj3ZkJdckyDd3Gjsi1QHKZ3ug0XQHQkGRNJg=="
    },
    "integrity": "sha256-MCmDSoIMecFUw3f1LicZ/D/yonYAoHrgiep/3pCH9rw= sha512-eKwZNCvuOhxcqGTXAudC9WH2KUKf8Id1cqNoMc6DKZuN8upL22xj3ZkJdckyDd3Gjsi1QHKZ3ug0XQHQkGRNJg==",
    "path": "/js/jquery/1.11.1/jquery.js"
  },
  "@/js/jquery/1.11.1/jquery.min.js": {
    "hashes": {
      "sha256": "S5QAZeKmfDfjvQKyPGUfR0SjwhmrotT7maYxETSU03Y=",
      "sha512": "002q1OgEa0fij3pU3YmyI+k2SvtLnwq2ZCYD8yKcAsExr9eAraV7UhvVbN2QsasJ+jZ1AvhpVAzcUG5Ysnh2wg=="
    },
    "integrity": "sha256-S5QAZeKmfDfjvQKyPGUfR0SjwhmrotT7maYxETSU03Y= sha512-002q1OgEa0fij3pU3YmyI+k2SvtLnwq2ZCYD8yKcAsExr9eAraV7UhvVbN2QsasJ+jZ1AvhpVAzcUG5Ysnh2wg==",
    "path": "/js/jquery/1.11.1/jquery.min.js"
  },
  "@/js/jquery/2.1.4/jquery.js": {
    "hashes": {
      "sha256": "siFczlgw4jULnUICcdm9gjQPZkw/YPDqhQ9+nAOScE4=",
      "sha512": "KMPrOyKoxZ63TdrHyYlRKwGX6eWGe98FYBjv65BWaH9E2GoE9VXY+Mmj3WKWwBTchwj64ZeDlYjEkN3A6uJyKQ=="
    },
    "integrity": "sha256-siFczlgw4jULnUICcdm9gjQPZkw/YPDqhQ9+nAOScE4= sha512-KMPrOyKoxZ63TdrHyYlRKwGX6eWGe98FYBjv65BWaH9E2GoE9VXY+Mmj3WKWwBTchwj64ZeDlYjEkN3A6uJyKQ==",
    "path": "/js/jquery/2.1.4/jquery.js"
  },
  "@/js/jquery/2.1.4/jquery.min.js": {
    "hashes": {
      "sha256": "ImQvICV38LovIsvla2zykaCTdEh1Z801Y+DSop91wMU=",
      "sha512": "AFwxAkWdvxRd9qhYYp1qbeRZj6/iTNmJ2GFwcxsMOzwwTaRwz2a/2TX225Ebcj3whXte1WGQb38cXE5j7ZQw3g=="
    },
    "integrity": "sha256-ImQvICV38LovIsvla2zykaCTdEh1Z801Y+DSop91wMU= sha512-AFwxAkWdvxRd9qhYYp1qbeRZj6/iTNmJ2GFwcxsMOzwwTaRwz2a/2TX225Ebcj3whXte1WGQb38cXE5j7ZQw3g==",
    "path": "/js/jquery/2.1.4/jquery.min.js"
  },
  "@/js/polyfills/datalist.js": {
    "hashes": {
      "sha256": "CI5zHAJ4eCWuxJs6BjGAFVKZafwI2/jq2de3EN8MnMA=",
      "sha512": "NDZWsZmpNLfvpHMh1EPSOf2wu5JIdOmEyujWrvwBOoQ+aUW++2QcecfP6v+A/UhMuK2n9GvbNrovgG+nvU3Rpw=="
    },
    "integrity": "sha256-CI5zHAJ4eCWuxJs6BjGAFVKZafwI2/jq2de3EN8MnMA= sha512-NDZWsZmpNLfvpHMh1EPSOf2wu5JIdOmEyujWrvwBOoQ+aUW++2QcecfP6v+A/UhMuK2n9GvbNrovgG+nvU3Rpw==",
    "path": "/js/polyfills/datalist.js"
  },
  "@/js/polyfills/datalist.min.js": {
    "hashes": {
      "sha256": "4SnLam+xCPVQJVMDzwmmI8DKaL4fWLpZ+B1YrurnK+A=",
      "sha512": "ICJGVRlbqEAM+MvZNW9lo1bEkRBMtNQ3ux8b293R7lJfeZ08hHtyuHglLzYb7Lg+eKEktJ6uh2UmuZEqBhACKg=="
    },
    "integrity": "sha256-4SnLam+xCPVQJVMDzwmmI8DKaL4fWLpZ+B1YrurnK+A= sha512-ICJGVRlbqEAM+MvZNW9lo1bEkRBMtNQ3ux8b293R7lJfeZ08hHtyuHglLzYb7Lg+eKEktJ6uh2UmuZEqBhACKg==",
    "path": "/js/polyfills/datalist.min.js"
  },
  "@/js/polyfills/datalist_dynamic.js": {
    "hashes": {
      "sha256": "Yst85IghV/q9q/gEx1xgFjLSaVUCG3WWXyj8B92MJgE=",
      "sha512": "Ez0AtAQklFNUjDX3re6o14MBmyFOFShPVJ73ESPR2vEa8NI5EAH8Qs8em3H66ceamVxspGXnyGuSslje1lA11w=="
    },
    "integrity": "sha256-Yst85IghV/q9q/gEx1xgFjLSaVUCG3WWXyj8B92MJgE= sha512-Ez0AtAQklFNUjDX3re6o14MBmyFOFShPVJ73ESPR2vEa8NI5EAH8Qs8em3H66ceamVxspGXnyGuSslje1lA11w==",
    "path": "/js/polyfills/datalist_dynamic.js"
  },
  "@/js/polyfills/datalist_dynamic.min.js": {
    "hashes": {
      "sha256": "ZxnMvc/ociqFfUsLC0toqHAT2BbS7bv0P1oBAawuOnk=",
      "sha512": "800X8ivbiKVvZzaVcAoYMcHNroYpiNanezM52yiLGNsDv29lXT+ToHdrFmdiy9F1PAcwlb5SfKlOn1Gqu9lbng=="
    },
    "integrity": "sha256-ZxnMvc/ociqFfUsLC0toqHAT2BbS7bv0P1oBAawuOnk= sha512-800X8ivbiKVvZzaVcAoYMcHNroYpiNanezM52yiLGNsDv29lXT+ToHdrFmdiy9F1PAcwlb5SfKlOn1Gqu9lbng==",
    "path": "/js/polyfills/datalist_dynamic.min.js"
  },
  "@/js/polyfills/datepicker.js": {
    "hashes": {
      "sha256": "v5wwn1kSCclIj6ZB/ydqGlVniIeN411DYXW3sXx0DaI=",
      "sha512": "51kF+Q/hSmq4C6P5D8+MNH0JVSIZVp/kIp0qKKMlMvMFfhzY7m6ZQcCnketsr/rItTcXp9WNHE6InZxIJtbM2w=="
    },
    "integrity": "sha256-v5wwn1kSCclIj6ZB/ydqGlVniIeN411DYXW3sXx0DaI= sha512-51kF+Q/hSmq4C6P5D8+MNH0JVSIZVp/kIp0qKKMlMvMFfhzY7m6ZQcCnketsr/rItTcXp9WNHE6InZxIJtbM2w==",
    "path": "/js/polyfills/datepicker.js"
  },
  "@/js/polyfills/datepicker.min.js": {
    "hashes": {
      "sha256": "qVx0vr9+Y8FflEn/WRQjTF6MzDz0uz+4fp8mbgN21F8=",
      "sha512": "Qi5zneP/H3EAb117u2h9GQkxOHSeRkgE0AW1v5nLARgN7VGrCJTLOnCTE+Fb3dE5HgRKdSIe47Q4ZzSmPCRSHA=="
    },
    "integrity": "sha256-qVx0vr9+Y8FflEn/WRQjTF6MzDz0uz+4fp8mbgN21F8= sha512-Qi5zneP/H3EAb117u2h9GQkxOHSeRkgE0AW1v5nLARgN7VGrCJTLOnCTE+Fb3dE5HgRKdSIe47Q4ZzSmPCRSHA==",
    "path": "/js/polyfills/datepicker.min.js"
  },
  "@/js/polyfills/details.js": {
    "hashes": {
      "sha256": "8nPW5A/z3Twqugg3QN8SRcVr4JIFLh1OYDeR5a01YeI=",
      "sha512": "0TvnhjjeVsW7N4X7pEO6pEOHXU41/86ssjJXr1hTjgjyqX7hKZ6rtrlMSIWfhxIgo/VZ6K2GFyYyY41qFC1jKA=="
    },
    "integrity": "sha256-8nPW5A/z3Twqugg3QN8SRcVr4JIFLh1OYDeR5a01YeI= sha512-0TvnhjjeVsW7N4X7pEO6pEOHXU41/86ssjJXr1hTjgjyqX7hKZ6rtrlMSIWfhxIgo/VZ6K2GFyYyY41qFC1jKA==",
    "path": "/js/polyfills/details.js"
  },
  "@/js/polyfills/details.min.js": {
    "hashes": {
      "sha256": "hxPfC4joX6g3A9KQUS/xLDbuXEp4HzXPSmW8GY8s7Qs=",
      "sha512": "IeanKnucx2KvJ0sl63ICYyOyIKljkoCkNhwc4AYO65LBIS0XjRYvRLIAEzhZPpzIYsI7DTQdqP/2yTrTS+podA=="
    },
    "integrity": "sha256-hxPfC4joX6g3A9KQUS/xLDbuXEp4HzXPSmW8GY8s7Qs= sha512-IeanKnucx2KvJ0sl63ICYyOyIKljkoCkNhwc4AYO65LBIS0XjRYvRLIAEzhZPpzIYsI7DTQdqP/2yTrTS+podA==",
    "path": "/js/polyfills/details.min.js"
  },
  "@/js/polyfills/jawsariafixes.js": {
    "hashes": {
      "sha256": "JINJgNN35Mfczch6DzEHjPPrD78VgBYNZ1LyfQrJTXM=",
      "sha512": "aMVXJWBXzfLtg0Ju46pYwbOB92IWbUceMVfQ1UkhkBHYEq5Hxl8ZWavjsKjvOUDmL0Xgl+h9ikEg6xkDcaLGrA=="
    },
    "integrity": "sha256-JINJgNN35Mfczch6DzEHjPPrD78VgBYNZ1LyfQrJTXM= sha512-aMVXJWBXzfLtg0Ju46pYwbOB92IWbUceMVfQ1UkhkBHYEq5Hxl8ZWavjsKjvOUDmL0Xgl+h9ikEg6xkDcaLGrA==",
    "path": "/js/polyfills/jawsariafixes.js"
  },
  "@/js/polyfills/jawsariafixes.min.js": {
    "hashes": {
      "sha256": "mleDvWsZSWYPdeS1ao+7ofpGgKJjnrbjXqvEr+CPdt8=",
      "sha512": "52dmSe8rtcdYuQ7AopqPuVmVVe10SrUi2NTdJRDo6cCgX9+1xmT6JSlIHl8LWTBjR3vB+Njp7xP5VuGV2nLHmg=="
    },
    "integrity": "sha256-mleDvWsZSWYPdeS1ao+7ofpGgKJjnrbjXqvEr+CPdt8= sha512-52dmSe8rtcdYuQ7AopqPuVmVVe10SrUi2NTdJRDo6cCgX9+1xmT6JSlIHl8LWTBjR3vB+Njp7xP5VuGV2nLHmg==",
    "path": "/js/polyfills/jawsariafixes.min.js"
  },
  "@/js/polyfills/meter.js": {
    "hashes": {
      "sha256": "PsJtsc1C/z6mi4hlC83OUg9Dw//I3t26gfxEn85+v9s=",
      "sha512": "D3W2VmkVx0fSlsjTqD1En/DdgLsvXTImp8q4GPZ/Dtps6laY5JeN68zHll9uxJ2EOnygh+q8DyK+cVTH2fe+5A=="
    },
    "integrity": "sha256-PsJtsc1C/z6mi4hlC83OUg9Dw//I3t26gfxEn85+v9s= sha512-D3W2VmkVx0fSlsjTqD1En/DdgLsvXTImp8q4GPZ/Dtps6laY5JeN68zHll9uxJ2EOnygh+q8DyK+cVTH2fe+5A==",
    "path": "/js/polyfills/meter.js"
  },
  "@/js/polyfills/meter.min.js": {
    "hashes": {
      "sha256": "2ATeS6QjVlXx+nkfj8iKQ+UOCFcQjhihQJFl7dq0TVg=",
      "sha512": "dWNghqjGQRa7wISybyL1GhC/bA+85RpuUSciYhs2k7Wb1KjbX+aoAXBv6S+Of/L9hP4r3VSCjTYcbpNEP53C9Q=="
    },
    "integrity": "sha256-2ATeS6QjVlXx+nkfj8iKQ+UOCFcQjhihQJFl7dq0TVg= sha512-dWNghqjGQRa7wISybyL1GhC/bA+85RpuUSciYhs2k7Wb1KjbX+aoAXBv6S+Of/L9hP4r3VSCjTYcbpNEP53C9Q==",
    "path": "/js/polyfills/meter.min.js"
  },
  "@/js/polyfills/mobile.js": {
    "hashes": {
      "sha256": "KPiXNg4w2ebb/eU+jdvSXwlWUohCAoB1PW/0p/TspGg=",
      "sha512": "Vq9DN25R1/F3uXBIMOuPoevnMlcPLxSmVAYVpt30xbbV0fQOzcALNGKSNw6A0ODLUlji2LxU767DIOblSOqthA=="
    },
    "integrity": "sha256-KPiXNg4w2ebb/eU+jdvSXwlWUohCAoB1PW/0p/TspGg= sha512-Vq9DN25R1/F3uXBIMOuPoevnMlcPLxSmVAYVpt30xbbV0fQOzcALNGKSNw6A0ODLUlji2LxU767DIOblSOqthA==",
    "path": "/js/polyfills/mobile.js"
  },
  "@/js/polyfills/mobile.min.js": {
    "hashes": {
      "sha256": "ouJ6s+0ztcaErotAodiaPbVmAWUplkwYyqsjEpr+liU=",
      "sha512": "uuh9XWBxE1nrRfuMuiSWJ753gBbgXxRfQwpVULik8x/peSDUGc8wmjMZxjrmoFXPiQOeuPt6T10leyW9ZvS0Zw=="
    },
    "integrity": "sha256-ouJ6s+0ztcaErotAodiaPbVmAWUplkwYyqsjEpr+liU= sha512-uuh9XWBxE1nrRfuMuiSWJ753gBbgXxRfQwpVULik8x/peSDUGc8wmjMZxjrmoFXPiQOeuPt6T10leyW9ZvS0Zw==",
    "path": "/js/polyfills/mobile.min.js"
  },
  "@/js/polyfills/progress.js": {
    "hashes": {
      "sha256": "dwADJ441Cyxp1odS0L6BBndcBpC23T2colyScvPL2XY=",
      "sha512": "Q0GgJ1rTSobDk7NKDiq2Q5wZsm+GIxQbhGKeyMEUWUMYSI79mKYwBlOhxck9n5s5+AdbDtThIE4Iw+45HjNAjQ=="
    },
    "integrity": "sha256-dwADJ441Cyxp1odS0L6BBndcBpC23T2colyScvPL2XY= sha512-Q0GgJ1rTSobDk7NKDiq2Q5wZsm+GIxQbhGKeyMEUWUMYSI79mKYwBlOhxck9n5s5+AdbDtThIE4Iw+45HjNAjQ==",
    "path": "/js/polyfills/progress.js"
  },
  "@/js/polyfills/progress.min.js": {
    "hashes": {
      "sha256": "8UN46IeJrYvrrnU7fzB/xN26PvrKA8i10l1g/KdYRjE=",
      "sha512": "YSphRtE7U87DKMOV7RcZ67xb0hwCmyJN9hTHbAuS4NVojqvev55HQC3HHPHJcQXrp03AtLMSmlvS8pJSh0NVAg=="
    },
    "integrity": "sha256-8UN46IeJrYvrrnU7fzB/xN26PvrKA8i10l1g/KdYRjE= sha512-YSphRtE7U87DKMOV7RcZ67xb0hwCmyJN9hTHbAuS4NVojqvev55HQC3HHPHJcQXrp03AtLMSmlvS8pJSh0NVAg==",
    "path": "/js/polyfills/progress.min.js"
  },
  "@/js/polyfills/slider.js": {
    "hashes": {
      "sha256": "Gsk7sf4+BN3Wp9KDRehqOtP45rru1aYiZ9PxcyUODHQ=",
      "sha512": "nUS4PYLn5NnBd449t3B7SkSPch4dg1TIygDKZv/RenwdYF4IHszDLNtZpOTpDlk9fKWrLGjMiQcj6c/GZEa/qw=="
    },
    "integrity": "sha256-Gsk7sf4+BN3Wp9KDRehqOtP45rru1aYiZ9PxcyUODHQ= sha512-nUS4PYLn5NnBd449t3B7SkSPch4dg1TIygDKZv/RenwdYF4IHszDLNtZpOTpDlk9fKWrLGjMiQcj6c/GZEa/qw==",
    "path": "/js/polyfills/slider.js"
  },
  "@/js/polyfills/slider.min.js": {
    "hashes": {
      "sha256": "SXquklToO9zFQa2nRkc5zU6jy4/15xEro/kEI5OlKHs=",
      "sha512": "Lr9itnam6iJfZ84sDFi5NI1qZnxqjjuiNbJ7GyxW/4Tl41zdNf/M9k769P44vbOxNbv+eURchJl9P+YrRc/Nvg=="
    },
    "integrity": "sha256-SXquklToO9zFQa2nRkc5zU6jy4/15xEro/kEI5OlKHs= sha512-Lr9itnam6iJfZ84sDFi5NI1qZnxqjjuiNbJ7GyxW/4Tl41zdNf/M9k769P44vbOxNbv+eURchJl9P+YrRc/Nvg==",
    "path": "/js/polyfills/slider.min.js"
  },
  "@/js/polyfills/slider_wrapper.js": {
    "hashes": {
      "sha256": "X4PaEd7STg3sO/AHzAtX6Lktha0IeIR+pxl64Oyz7TQ=",
      "sha512": "66GDW50TZDo23Xb/4S93hrfyRH1Q06YEzWbTdVCsbKvJI5xWt3RjjMvjhczWES2ung/oEKpHT1DACGtkhygd8A=="
    },
    "integrity": "sha256-X4PaEd7STg3sO/AHzAtX6Lktha0IeIR+pxl64Oyz7TQ= sha512-66GDW50TZDo23Xb/4S93hrfyRH1Q06YEzWbTdVCsbKvJI5xWt3RjjMvjhczWES2ung/oEKpHT1DACGtkhygd8A==",
    "path": "/js/polyfills/slider_wrapper.js"
  },
  "@/js/polyfills/slider_wrapper.min.js": {
    "hashes": {
      "sha256": "v8QY1nVwbgj4uQyMJJ152AuzURRX659PBDv//WmRYU8=",
      "sha512": "ttmN6b9yuFCY6H+n99HLTR5CF+LPiqw8XCpbOa3CX3ZgqZIR7BcgJS1uVDCYSdVo1bzjSTE/BBPaJ8xOifDlfQ=="
    },
    "integrity": "sha256-v8QY1nVwbgj4uQyMJJ152AuzURRX659PBDv//WmRYU8= sha512-ttmN6b9yuFCY6H+n99HLTR5CF+LPiqw8XCpbOa3CX3ZgqZIR7BcgJS1uVDCYSdVo1bzjSTE/BBPaJ8xOifDlfQ==",
    "path": "/js/polyfills/slider_wrapper.min.js"
  },
  "@/js/polyfills/svg.js": {
    "hashes": {
      "sha256": "SOa9FqnUyYxYUCnvQxR3iWkoqyiql6SE11bzhf2k9OI=",
      "sha512": "/9QUaQgSpK1+yDheej8UKJ2EKVKeuH6O96Vx9HZJgznnZckp2I3O/0ZN9CYQrsZFd8k1xVOmxHg6FF4P91E7Dw=="
    },
    "integrity": "sha256-SOa9FqnUyYxYUCnvQxR3iWkoqyiql6SE11bzhf2k9OI= sha512-/9QUaQgSpK1+yDheej8UKJ2EKVKeuH6O96Vx9HZJgznnZckp2I3O/0ZN9CYQrsZFd8k1xVOmxHg6FF4P91E7Dw==",
    "path": "/js/polyfills/svg.js"
  },
  "@/js/polyfills/svg.min.js": {
    "hashes": {
      "sha256": "0MgDVTWVy1hn4pFLPU7wd7KIIFNRP6mlYIX9aEGiumg=",
      "sha512": "170j6CBg2iJsigvMcqk/3w7OzqQz04WGNv1lQ2Mtp6Mfd1qs05AhFPButO3cHmQHFJV+bji5GFKM9wOQm7kfrw=="
    },
    "integrity": "sha256-0MgDVTWVy1hn4pFLPU7wd7KIIFNRP6mlYIX9aEGiumg= sha512-170j6CBg2iJsigvMcqk/3w7OzqQz04WGNv1lQ2Mtp6Mfd1qs05AhFPButO3cHmQHFJV+bji5GFKM9wOQm7kfrw==",
    "path": "/js/polyfills/svg.min.js"
  },
  "@/js/polyfills/test.js": {
    "hashes": {
      "sha256": "jTJOfXzbwuVgM7TCMq+QCnLYmBxbMEl8qnlCbTz+8iE=",
      "sha512": "sJGJhvXW39/l3NWKJoA3aHDPrT4bPOXVU3vYoS+m4mVWJsdkHeN8mRN+ZX9Dqi7P+Z54UkyEsWWrHCEx2lqpsw=="
    },
    "integrity": "sha256-jTJOfXzbwuVgM7TCMq+QCnLYmBxbMEl8qnlCbTz+8iE= sha512-sJGJhvXW39/l3NWKJoA3aHDPrT4bPOXVU3vYoS+m4mVWJsdkHeN8mRN+ZX9Dqi7P+Z54UkyEsWWrHCEx2lqpsw==",
    "path": "/js/polyfills/test.js"
  },
  "@/js/polyfills/test.min.js": {
    "hashes": {
      "sha256": "y2LRtOTtVwo+w8JbAv9X8EXwNN11LQXZM1dhCfxZGBQ=",
      "sha512": "PmBgvOOO+COI5G2j2QZJXwUZkusi2GhOhKbIsP1dOCaUqEL/2KxFrPd2YCen29cL3ih7fSCTE+RaEzo1SSZlNA=="
    },
    "integrity": "sha256-y2LRtOTtVwo+w8JbAv9X8EXwNN11LQXZM1dhCfxZGBQ= sha512-PmBgvOOO+COI5G2j2QZJXwUZkusi2GhOhKbIsP1dOCaUqEL/2KxFrPd2YCen29cL3ih7fSCTE+RaEzo1SSZlNA==",
    "path": "/js/polyfills/test.min.js"
  },
  "@/js/wet-boew.js": {
    "hashes": {
      "sha256": "SUeOK/DxY9NS9wYlTvVneq0POMyE3rOmEAa7ARsxKhw=",
      "sha512": "rPBH9JD3lmy3LADiLEaWgih8ssFUtrznI6tBWwxAUphImRWxk/bToJMa3gbKHkBPuoF9IoVIPbMiG034fsgMQw=="
    },
    "integrity": "sha256-SUeOK/DxY9NS9wYlTvVneq0POMyE3rOmEAa7ARsxKhw= sha512-rPBH9JD3lmy3LADiLEaWgih8ssFUtrznI6tBWwxAUphImRWxk/bToJMa3gbKHkBPuoF9IoVIPbMiG034fsgMQw==",
    "path": "/js/wet-boew.js"
  },
  "@/js/wet-boew.min.js": {
    "hashes": {
      "sha256": "7p0QuCKeG8mZwoAPPSQ1VLXLuSlGouL2wX/euV6XHbM=",
      "sha512": "f8nFVkFzaVIkQbZiAj8QojA9ktJxkdRueOY9sOqoRdX7M5e5726ea4xKfohF8JgojRfLH7GRcRcUphifNUb+Nw=="
    },
    "integrity": "sha256-7p0QuCKeG8mZwoAPPSQ1VLXLuSlGouL2wX/euV6XHbM= sha512-f8nFVkFzaVIkQbZiAj8QojA9ktJxkdRueOY9sOqoRdX7M5e5726ea4xKfohF8JgojRfLH7GRcRcUphifNUb+Nw==",
    "path": "/js/wet-boew.min.js"
  }
}